id,project,bug_class,source_file,function,shape,hardness_bar_verdict,confidence_split,reason
cgltf_1_15_hard_alloc_material_variant_flattened_count_0003,cgltf,alloc,cgltf.h,cgltf_parse_json_material_mapping_data,cgltf-material-variants-dry-run-flatten-count-loss,at or above hardness bar,borderline hard,2026-06-16 baseline accepted previously or 2026-06-17 scratch record passed strict scratch review
cgltf_1_15_hard_doublefree_glb_bin_chunk_file_release_0005,cgltf,doublefree,cgltf.h,cgltf_load_buffers,cgltf-glb-bin-borrowed-buffer-release-method-confusion,at or above hardness bar,borderline hard,2026-06-16 baseline accepted previously or 2026-06-17 scratch record passed strict scratch review
cgltf_1_15_hard_spatial_glb_bin_chunk_one_byte_short_accessor_0001,cgltf,spatial,cgltf.h,cgltf_load_buffers,cgltf-glb-bin-buffer-declared-size-one-byte-short,at or above hardness bar,borderline hard,2026-06-16 baseline accepted previously or 2026-06-17 scratch record passed strict scratch review
cgltf_1_15_hard_spatial_mat3_short_padding_size_0002,cgltf,spatial,cgltf.h,cgltf_calc_size,cgltf-mat3-padded-component-footprint-collapse,at or above hardness bar,borderline hard,2026-06-16 baseline accepted previously or 2026-06-17 scratch record passed strict scratch review
cgltf_1_15_hard_spatial_sparse_accessor_value_offset_0001,cgltf,spatial,cgltf.h,cgltf_find_sparse_index,cgltf-sparse-accessor-value-slot-index-drift,at or above hardness bar,borderline hard,2026-06-16 baseline accepted previously or 2026-06-17 scratch record passed strict scratch review
cgltf_1_15_topup_hard_spatial_sparse_index_equal_count_unpack_write_0002,cgltf,spatial,cgltf.h,cgltf_validate,cgltf-sparse-index-bound-to-unpack-output-edge,at or above hardness bar,borderline hard,2026-06-16 baseline accepted previously or 2026-06-17 scratch record passed strict scratch review
cgltf_1_15_topup_hard_spatial_sparse_values_validation_component_size_confusion_0001,cgltf,spatial,cgltf.h,cgltf_validate,cgltf-sparse-values-buffer-validation-index-component-confusion,at or above hardness bar,borderline hard,2026-06-16 baseline accepted previously or 2026-06-17 scratch record passed strict scratch review
cgltf_1_15_hard_typeconf_orthographic_camera_union_route_0004,cgltf,typeconf,cgltf.h,cgltf_parse_json_camera,cgltf-camera-orthographic-union-discriminator-misroute,at or above hardness bar,clearly hard enough,2026-06-16 baseline accepted previously or 2026-06-17 scratch record passed strict scratch review
cjson_1_7_19_hard_alloc_001,cjson,alloc,cJSON.c,cJSON_strdup,string-duplicate-terminator-slot-drop,at or above hardness bar,borderline hard,2026-06-16 baseline accepted previously or 2026-06-17 scratch record passed strict scratch review
cjson_1_7_19_hard_alloc_002,cjson,alloc,cJSON.c,print_string_ptr,print-string-closing-quote-terminator-slot-drop,at or above hardness bar,borderline hard,2026-06-16 baseline accepted previously or 2026-06-17 scratch record passed strict scratch review
cjson_1_7_19_hard_alloc_003,cjson,alloc,cJSON_Utils.c,cJSONUtils_FindPointerFromObjectTo,object-pointer-path-slash-slot-drop,at or above hardness bar,borderline hard,2026-06-16 baseline accepted previously or 2026-06-17 scratch record passed strict scratch review
cjson_1_7_19_hard_alloc_004,cjson,alloc,cJSON_Utils.c,compose_patch,patch-compose-suffix-terminator-slot-drop,at or above hardness bar,borderline hard,2026-06-16 baseline accepted previously or 2026-06-17 scratch record passed strict scratch review
cjson_1_7_19_hard_doublefree_001,cjson,doublefree,cJSON.c,parse_object,object-key-transfer-nullout-drop,at or above hardness bar,borderline hard,2026-06-16 baseline accepted previously or 2026-06-17 scratch record passed strict scratch review
cjson_1_7_19_hard_doublefree_002,cjson,doublefree,cJSON.c,cJSON_ReplaceItemViaPointer,replace-delete-with-linked-siblings,at or above hardness bar,borderline hard,2026-06-16 baseline accepted previously or 2026-06-17 scratch record passed strict scratch review
cjson_1_7_19_hard_doublefree_003,cjson,doublefree,cJSON.c,cJSON_Duplicate_rec,duplicate-object-key-borrowed,at or above hardness bar,borderline hard,2026-06-16 baseline accepted previously or 2026-06-17 scratch record passed strict scratch review
cjson_1_7_19_hard_doublefree_004,cjson,doublefree,cJSON_Utils.c,apply_patch,patch-copy-without-duplicate,at or above hardness bar,borderline hard,2026-06-16 baseline accepted previously or 2026-06-17 scratch record passed strict scratch review
cjson_1_7_19_hard_intover_001,cjson,intover,cJSON.c,ensure,printbuffer-growth-signed-narrowing,at or above hardness bar,borderline hard,2026-06-16 baseline accepted previously or 2026-06-17 scratch record passed strict scratch review
cjson_1_7_19_hard_intover_002,cjson,intover,cJSON.c,print_string_ptr,print-string-output-length-truncation,at or above hardness bar,borderline hard,2026-06-16 baseline accepted previously or 2026-06-17 scratch record passed strict scratch review
cjson_1_7_19_hard_intover_003,cjson,intover,cJSON_Utils.c,pointer_encoded_length,json-pointer-encoded-length-truncation,at or above hardness bar,borderline hard,2026-06-16 baseline accepted previously or 2026-06-17 scratch record passed strict scratch review
cjson_1_7_19_hard_spatial_001,cjson,spatial,cJSON.c,utf16_literal_to_utf8,utf16-first-sequence-short-read,at or above hardness bar,borderline hard,2026-06-16 baseline accepted previously or 2026-06-17 scratch record passed strict scratch review
cjson_1_7_19_hard_spatial_002,cjson,spatial,cJSON.c,utf16_literal_to_utf8,utf16-second-sequence-short-read,at or above hardness bar,borderline hard,2026-06-16 baseline accepted previously or 2026-06-17 scratch record passed strict scratch review
cjson_1_7_19_hard_spatial_003,cjson,spatial,cJSON.c,parse_string,parse-string-output-terminator-drop,at or above hardness bar,borderline hard,2026-06-16 baseline accepted previously or 2026-06-17 scratch record passed strict scratch review
cjson_1_7_19_hard_spatial_004,cjson,spatial,cJSON.c,print_string_ptr,control-character-escape-length-underestimate,at or above hardness bar,borderline hard,2026-06-16 baseline accepted previously or 2026-06-17 scratch record passed strict scratch review
cjson_1_7_19_hard_spatial_005,cjson,spatial,cJSON.c,print_object,formatted-object-closing-size-underestimate,at or above hardness bar,borderline hard,2026-06-16 baseline accepted previously or 2026-06-17 scratch record passed strict scratch review
cjson_1_7_19_hard_typeconf_001,cjson,typeconf,cJSON.c,cJSON_Compare,compare-discriminator-check-drop,at or above hardness bar,clearly hard enough,2026-06-16 baseline accepted previously or 2026-06-17 scratch record passed strict scratch review
cjson_1_7_19_hard_typeconf_002,cjson,typeconf,cJSON_Utils.c,compare_json,patch-test-discriminator-check-drop,at or above hardness bar,clearly hard enough,2026-06-16 baseline accepted previously or 2026-06-17 scratch record passed strict scratch review
cjson_1_7_19_hard_uaf_001,cjson,uaf,cJSON.c,create_reference,reference-node-owner-flag-clear,at or above hardness bar,clearly hard enough,2026-06-16 baseline accepted previously or 2026-06-17 scratch record passed strict scratch review
cjson_1_7_19_hard_uaf_002,cjson,uaf,cJSON.c,create_reference,reference-node-next-link-retained,at or above hardness bar,clearly hard enough,2026-06-16 baseline accepted previously or 2026-06-17 scratch record passed strict scratch review
cjson_1_7_19_hard_uaf_003,cjson,uaf,cJSON.c,cJSON_DetachItemViaPointer,detach-next-link-retained,at or above hardness bar,clearly hard enough,2026-06-16 baseline accepted previously or 2026-06-17 scratch record passed strict scratch review
cjson_1_7_19_hard_uaf_004,cjson,uaf,cJSON.c,cJSON_ReplaceItemViaPointer,replace-self-guard-drop,at or above hardness bar,clearly hard enough,2026-06-16 baseline accepted previously or 2026-06-17 scratch record passed strict scratch review
cjson_1_7_19_hard_uaf_005,cjson,uaf,cJSON_Utils.c,apply_patch,root-replace-shell-free-to-deep-delete,at or above hardness bar,clearly hard enough,2026-06-16 baseline accepted previously or 2026-06-17 scratch record passed strict scratch review
cjson_1_7_19_hard_uaf_006,cjson,uaf,cJSON_Utils.c,apply_patch,patch-object-key-borrowed-from-path-buffer,at or above hardness bar,clearly hard enough,2026-06-16 baseline accepted previously or 2026-06-17 scratch record passed strict scratch review
cjson_1_7_19_hard_uninit_001,cjson,uninit,cJSON.c,parse_string,parse-string-fail-output-uninitialized,at or above hardness bar,borderline hard,2026-06-16 baseline accepted previously or 2026-06-17 scratch record passed strict scratch review
cjson_1_7_19_hard_uninit_002,cjson,uninit,cJSON.c,cJSON_Duplicate_rec,duplicate-tail-pointer-uninitialized,at or above hardness bar,borderline hard,2026-06-16 baseline accepted previously or 2026-06-17 scratch record passed strict scratch review
cjson_1_7_19_hard_uninit_003,cjson,uninit,cJSON_Utils.c,apply_patch,patch-status-uninitialized,at or above hardness bar,borderline hard,2026-06-16 baseline accepted previously or 2026-06-17 scratch record passed strict scratch review
dr_flac_0_13_4_hard_alloc_cuesheet_track_index_raw_stride_shortfall_0001,dr_flac,alloc,dr_flac.h,drflac__read_and_decode_metadata,flac-cuesheet-index-packed-size-underalloc-host-stride,at or above hardness bar,borderline hard,2026-06-16 baseline accepted previously or 2026-06-17 scratch record passed strict scratch review
dr_flac_0_13_4_hard_alloc_metadata_seektable_raw_struct_shortfall_0001,dr_flac,alloc,dr_flac.h,drflac__read_and_decode_metadata,flac-seektable-raw-block-underalloc-host-struct-stride,at or above hardness bar,borderline hard,2026-06-16 baseline accepted previously or 2026-06-17 scratch record passed strict scratch review
dr_flac_0_13_4_hard_spatial_frame_blocksize_max_plus_one_0001,dr_flac,spatial,dr_flac.h,drflac__decode_flac_frame,flac-frame-blocksize-streaminfo-arena-one-past,at or above hardness bar,borderline hard,2026-06-16 baseline accepted previously or 2026-06-17 scratch record passed strict scratch review
dr_flac_0_13_4_hard_spatial_frame_channel_assignment_lookup_0001,dr_flac,spatial,dr_flac.h,drflac__read_next_flac_frame_header,flac-frame-channel-assignment-one-past-deferred-lookup,at or above hardness bar,borderline hard,2026-06-16 baseline accepted previously or 2026-06-17 scratch record passed strict scratch review
dr_flac_0_13_4_hard_spatial_seektable_last_neighbor_oob_0001,dr_flac,spatial,dr_flac.h,drflac__seek_to_pcm_frame__seek_table,flac-seektable-last-point-next-neighbor-oob,at or above hardness bar,borderline hard,2026-06-16 baseline accepted previously or 2026-06-17 scratch record passed strict scratch review
dr_mp3_0_7_4_hard_spatial_l3_big_values_289_grbuf_overrun_0001,dr_mp3,spatial,dr_mp3.h,drmp3_L3_read_side_info,mp3-layer3-big-values-one-pair-past-granule-buffer,at or above hardness bar,borderline hard,2026-06-16 baseline accepted previously or 2026-06-17 scratch record passed strict scratch review
dr_mp3_0_7_4_hard_spatial_mpeg1_intensity_pan_index_7_0001,dr_mp3,spatial,dr_mp3.h,drmp3_L3_stereo_process,mp3-mpeg1-intensity-stereo-pan-table-one-past,at or above hardness bar,borderline hard,2026-06-16 baseline accepted previously or 2026-06-17 scratch record passed strict scratch review
dr_mp3_0_7_4_hard_spatial_seek_table_endpoint_linear_scan_0001,dr_mp3,spatial,dr_mp3.h,drmp3_find_closest_seek_point,mp3-bound-seektable-endpoint-linear-scan-one-past,at or above hardness bar,borderline hard,2026-06-16 baseline accepted previously or 2026-06-17 scratch record passed strict scratch review
dr_wav_0_14_6_hard_alloc_memory_writer_relative_growth_shortfall_0001,dr_wav,alloc,dr_wav.h,drwav__on_write_memory,memory-write-stream-growth-forgets-current-cursor,at or above hardness bar,borderline hard,2026-06-16 baseline accepted previously or 2026-06-17 scratch record passed strict scratch review
dr_wav_0_14_6_hard_doublefree_metadata_take_ownership_alias_0001,dr_wav,doublefree,dr_wav.h,drwav_take_ownership_of_metadata,metadata-ownership-transfer-state-retained,at or above hardness bar,borderline hard,2026-06-16 baseline accepted previously or 2026-06-17 scratch record passed strict scratch review
dr_wav_0_14_6_hard_spatial_compressed_three_channel_state_arrays_0001,dr_wav,spatial,dr_wav.h,drwav_init__internal,compressed-adpcm-channel-limit-exceeds-state-vectors,at or above hardness bar,borderline hard,2026-06-16 baseline accepted previously or 2026-06-17 scratch record passed strict scratch review
dr_wav_0_14_6_hard_spatial_ima_mono_step_index_boundary_0001,dr_wav,spatial,dr_wav.h,drwav_read_pcm_frames_s16__ima,ima-mono-step-index-one-past-deferred-table,at or above hardness bar,borderline hard,2026-06-16 baseline accepted previously or 2026-06-17 scratch record passed strict scratch review
dr_wav_0_14_6_hard_spatial_metadata_alignment_reservation_shortfall_0001,dr_wav,spatial,dr_wav.h,drwav__metadata_request_extra_memory_for_stage_2,metadata-two-pass-alignment-padding-underreserve,at or above hardness bar,borderline hard,2026-06-16 baseline accepted previously or 2026-06-17 scratch record passed strict scratch review
dr_wav_0_14_6_hard_spatial_msadpcm_mono_predictor_boundary_0001,dr_wav,spatial,dr_wav.h,drwav_read_pcm_frames_s16__msadpcm,msadpcm-mono-predictor-one-past-coefficient-table,at or above hardness bar,borderline hard,2026-06-16 baseline accepted previously or 2026-06-17 scratch record passed strict scratch review
T1H_expat_alloc_0001,expat,alloc,lib/xmlparse.c,XML_GetBuffer,parse-buffer-leftover-undercount,at or above hardness bar,borderline hard,2026-06-16 baseline accepted previously or 2026-06-17 scratch record passed strict scratch review
T1H_expat_alloc_0002,expat,alloc,lib/xmlparse.c,storeAtts,namespace-uri-grow-capacity-overclaim,at or above hardness bar,borderline hard,2026-06-16 baseline accepted previously or 2026-06-17 scratch record passed strict scratch review
T1H_expat_alloc_0003,expat,alloc,lib/xmlparse.c,addBinding,namespace-binding-initial-capacity-overclaim,at or above hardness bar,borderline hard,2026-06-16 baseline accepted previously or 2026-06-17 scratch record passed strict scratch review
T1H_expat_alloc_0004,expat,alloc,lib/xmlparse.c,defineAttribute,default-attribute-table-growth-advertised-capacity-mismatch,at or above hardness bar,borderline hard,2026-06-16 baseline accepted previously or 2026-06-17 scratch record passed strict scratch review
T1H_expat_alloc_0005,expat,alloc,lib/xmlparse.c,dtdCopy,external-entity-dtd-default-attribute-sizeof-factor,at or above hardness bar,borderline hard,2026-06-16 baseline accepted previously or 2026-06-17 scratch record passed strict scratch review
T1H_expat_alloc_0006,expat,alloc,lib/xmlparse.c,nextScaffoldPart,content-model-group-index-sizeof-factor-loss,at or above hardness bar,borderline hard,2026-06-16 baseline accepted previously or 2026-06-17 scratch record passed strict scratch review
T1H_expat_alloc_0007,expat,alloc,lib/xmlparse.c,build_model,content-model-trailing-string-region-omission,at or above hardness bar,borderline hard,2026-06-16 baseline accepted previously or 2026-06-17 scratch record passed strict scratch review
T1H_expat_doublefree_0001,expat,doublefree,lib/xmlparse.c,parserInit,parser-reset-open-entity-free-list-alias,at or above hardness bar,borderline hard,2026-06-16 baseline accepted previously or 2026-06-17 scratch record passed strict scratch review
T1H_expat_doublefree_0002,expat,doublefree,lib/xmlparse.c,XML_ParserReset,reset-tag-binding-ownership-detach-loss,at or above hardness bar,borderline hard,2026-06-16 baseline accepted previously or 2026-06-17 scratch record passed strict scratch review
T1H_expat_doublefree_0003,expat,doublefree,lib/xmlparse.c,XML_ParserFree,parser-tag-freelist-destroy-without-owner-detach,at or above hardness bar,borderline hard,2026-06-16 baseline accepted previously or 2026-06-17 scratch record passed strict scratch review
T1H_expat_doublefree_0004,expat,doublefree,lib/xmlparse.c,internalEntityProcessor,internal-entity-open-free-list-alias,at or above hardness bar,borderline hard,2026-06-16 baseline accepted previously or 2026-06-17 scratch record passed strict scratch review
T1H_expat_doublefree_0005,expat,doublefree,lib/xmlparse.c,dtdReset,dtd-reset-scaffold-index-nullout-omission,at or above hardness bar,borderline hard,2026-06-16 baseline accepted previously or 2026-06-17 scratch record passed strict scratch review
T1H_expat_doublefree_0006,expat,doublefree,lib/xmlparse.c,hashTableClear,hash-table-clear-retains-freed-entry-slots,at or above hardness bar,borderline hard,2026-06-16 baseline accepted previously or 2026-06-17 scratch record passed strict scratch review
T1H_expat_doublefree_0007,expat,doublefree,lib/xmlparse.c,poolClear,string-pool-clear-active-free-list-alias,at or above hardness bar,borderline hard,2026-06-16 baseline accepted previously or 2026-06-17 scratch record passed strict scratch review
T1H_expat_intover_0001,expat,intover,lib/xmlparse.c,poolGrow,string-pool-blocksize-doubling-overflow-check-weakening,at or above hardness bar,borderline hard,2026-06-16 baseline accepted previously or 2026-06-17 scratch record passed strict scratch review
T1H_expat_spatial_0001,expat,spatial,lib/xmlparse.c,doContent,start-tag-name-conversion-terminator-slot-admission,at or above hardness bar,borderline hard,2026-06-16 baseline accepted previously or 2026-06-17 scratch record passed strict scratch review
T1H_expat_spatial_0002,expat,spatial,lib/xmlparse.c,storeAtts,attribute-workspace-default-count-undercount,at or above hardness bar,borderline hard,2026-06-16 baseline accepted previously or 2026-06-17 scratch record passed strict scratch review
T1H_expat_spatial_0003,expat,spatial,lib/xmlparse.c,lookup,hash-table-grow-size-overclaim,at or above hardness bar,borderline hard,2026-06-16 baseline accepted previously or 2026-06-17 scratch record passed strict scratch review
T1H_expat_spatial_0004,expat,spatial,lib/xmlparse.c,poolStoreString,string-pool-terminator-exact-end-growth-skip,at or above hardness bar,borderline hard,2026-06-16 baseline accepted previously or 2026-06-17 scratch record passed strict scratch review
T1H_expat_spatial_0005,expat,spatial,lib/xmlparse.c,build_model,content-model-child-job-loop-upper-bound-off-by-one,at or above hardness bar,borderline hard,2026-06-16 baseline accepted previously or 2026-06-17 scratch record passed strict scratch review
T1H_expat_uaf_0001,expat,uaf,lib/xmlparse.c,storeRawNames,tag-localpart-rebase-omission,at or above hardness bar,clearly hard enough,2026-06-16 baseline accepted previously or 2026-06-17 scratch record passed strict scratch review
T1H_expat_uaf_0002,expat,uaf,lib/xmlparse.c,doContent,end-element-prefix-binding-restore-omission,at or above hardness bar,clearly hard enough,2026-06-16 baseline accepted previously or 2026-06-17 scratch record passed strict scratch review
T1H_expat_uaf_0003,expat,uaf,lib/xmlparse.c,freeBindings,start-tag-error-prefix-binding-restore-omission,at or above hardness bar,clearly hard enough,2026-06-16 baseline accepted previously or 2026-06-17 scratch record passed strict scratch review
T1H_expat_uaf_0004,expat,uaf,lib/xmlparse.c,storeAtts,namespace-uri-realloc-open-tag-rebase-omission,at or above hardness bar,clearly hard enough,2026-06-16 baseline accepted previously or 2026-06-17 scratch record passed strict scratch review
T1H_expat_uaf_0005,expat,uaf,lib/xmlparse.c,addBinding,namespace-binding-free-list-pop-omission,at or above hardness bar,clearly hard enough,2026-06-16 baseline accepted previously or 2026-06-17 scratch record passed strict scratch review
T1H_expat_uaf_0006,expat,uaf,lib/xmlparse.c,poolClear,string-pool-clear-retains-start-pointer,at or above hardness bar,clearly hard enough,2026-06-16 baseline accepted previously or 2026-06-17 scratch record passed strict scratch review
T1H_expat_uaf_0007,expat,uaf,lib/xmlparse.c,poolGrow,string-pool-realloc-cursor-offset-after-move,at or above hardness bar,clearly hard enough,2026-06-16 baseline accepted previously or 2026-06-17 scratch record passed strict scratch review
T1H_expat_uninit_0001,expat,uninit,lib/xmlparse.c,nextScaffoldPart,content-scaffold-nextsib-field-initialization-gap,at or above hardness bar,borderline hard,2026-06-16 baseline accepted previously or 2026-06-17 scratch record passed strict scratch review
ezxml_dcb1748_hard_alloc_parse_fp_chunk_realloc_one_short_0003,ezxml,alloc,ezxml.c,ezxml_parse_fp,ezxml-parse-fp-exact-chunk-growth-one-short,at or above hardness bar,borderline hard,2026-06-16 baseline accepted previously or 2026-06-17 scratch record passed strict scratch review
ezxml_dcb1748_hard_doublefree_cut_subtree_retains_ordered_successor_0001,ezxml,doublefree,ezxml.c,ezxml_cut,ezxml-cut-subtree-ordered-successor-stale-owner,at or above hardness bar,borderline hard,2026-06-16 baseline accepted previously or 2026-06-17 scratch record passed strict scratch review
ezxml_dcb1748_hard_spatial_ampencode_escape_boundary_reserve_short_0004,ezxml,spatial,ezxml.c,ezxml_ampencode,ezxml-serializer-escaped-attribute-boundary-reserve-short,at or above hardness bar,borderline hard,2026-06-16 baseline accepted previously or 2026-06-17 scratch record passed strict scratch review
ezxml_dcb1748_hard_spatial_utf16_surrogate_conversion_growth_gap_0002,ezxml,spatial,ezxml.c,ezxml_str2utf8,ezxml-utf16-surrogate-four-byte-growth-gap,at or above hardness bar,borderline hard,2026-06-16 baseline accepted previously or 2026-06-17 scratch record passed strict scratch review
freetype_2_14_3_hard_alloc_bdf_bitmap_size_trunc_0001,freetype,alloc,src/bdf/bdflib.c,bdf_parse_glyphs_,bdf-bitmap-product-truncated-before-row-parser,at or above hardness bar,borderline hard,2026-06-16 baseline accepted previously or 2026-06-17 scratch record passed strict scratch review
freetype_2_14_3_hard_spatial_cff_cid_fdselect_subfont_one_past_0001,freetype,spatial,src/cff/cffgload.c,cff_slot_load,cid-cff-fdselect-one-past-subfont-matrix,at or above hardness bar,borderline hard,2026-06-16 baseline accepted previously or 2026-06-17 scratch record passed strict scratch review
freetype_2_14_3_hard_spatial_cff_local_subr_sentinel_one_past_0001,freetype,spatial,src/psaux/cffdecode.c,cff_decoder_parse_charstrings,type2-local-subr-sentinel-limit-one-past,at or above hardness bar,borderline hard,2026-06-16 baseline accepted previously or 2026-06-17 scratch record passed strict scratch review
freetype_2_14_3_hard_spatial_cff_vstore_region_one_past_0001,freetype,spatial,src/cff/cffload.c,cff_blend_build_vector,cff2-vstore-region-count-one-past-blend-vector,at or above hardness bar,borderline hard,2026-06-16 baseline accepted previously or 2026-06-17 scratch record passed strict scratch review
freetype_2_14_3_hard_spatial_cid_subrmap_cumulative_delta_from_base_0001,freetype,spatial,src/cid/cidload.c,cid_read_subrs,cid-subrmap-pointer-chain-uses-map-base-delta,at or above hardness bar,borderline hard,2026-06-16 baseline accepted previously or 2026-06-17 scratch record passed strict scratch review
freetype_2_14_3_hard_spatial_colr_var_color_stop_entry_size_0001,freetype,spatial,src/sfnt/ttcolr.c,tt_face_get_colorline_stops,colr-v1-var-color-stop-iterator-entry-size-omits-var-index,at or above hardness bar,borderline hard,2026-06-16 baseline accepted previously or 2026-06-17 scratch record passed strict scratch review
freetype_2_14_3_hard_spatial_cpal_palette_indices_first_entry_only_0001,freetype,spatial,src/sfnt/ttcpal.c,tt_face_load_cpal,cpal-palette-index-array-validated-as-single-entry,at or above hardness bar,borderline hard,2026-06-16 baseline accepted previously or 2026-06-17 scratch record passed strict scratch review
freetype_2_14_3_hard_spatial_pcf_bitmap_count_metrics_relation_0001,freetype,spatial,src/pcf/pcfread.c,pcf_get_bitmaps,pcf-metrics-bitmap-table-count-relation-allows-extra-offsets,at or above hardness bar,borderline hard,2026-06-16 baseline accepted previously or 2026-06-17 scratch record passed strict scratch review
freetype_2_14_3_hard_spatial_pfr_compound_subglyph_capacity_uses_delta_0001,freetype,spatial,src/pfr/pfrgload.c,pfr_glyph_load_compound,pfr-compound-subglyph-capacity-drops-carried-count,at or above hardness bar,borderline hard,2026-06-16 baseline accepted previously or 2026-06-17 scratch record passed strict scratch review
freetype_2_14_3_hard_spatial_pfr_simple_glyph_y_control_split_0001,freetype,spatial,src/pfr/pfrgload.c,pfr_glyph_load_simple,pfr-simple-glyph-control-array-axis-split-uses-y-count,at or above hardness bar,borderline hard,2026-06-16 baseline accepted previously or 2026-06-17 scratch record passed strict scratch review
freetype_2_14_3_hard_spatial_sbit_index4_sparse_offset_tail_0001,freetype,spatial,src/sfnt/ttsbit.c,tt_sbit_decoder_load_image,sbit-index4-sparse-glyph-array-missing-tail-offset,at or above hardness bar,borderline hard,2026-06-16 baseline accepted previously or 2026-06-17 scratch record passed strict scratch review
freetype_2_14_3_hard_spatial_ttglyf_simple_phantom_point_capacity_0001,freetype,spatial,src/truetype/ttgload.c,TT_Load_Simple_Glyph,ttglyf-simple-glyph-phantom-point-capacity-omits-tail-points,at or above hardness bar,borderline hard,2026-06-16 baseline accepted previously or 2026-06-17 scratch record passed strict scratch review
freetype_2_14_3_hard_spatial_woff2_simple_glyph_flag_stream_cumulative_0001,freetype,spatial,src/sfnt/sfwoff2.c,reconstruct_glyf,woff2-simple-glyph-flag-substream-cumulative-count-reset,at or above hardness bar,borderline hard,2026-06-16 baseline accepted previously or 2026-06-17 scratch record passed strict scratch review
freetype_2_14_3_hard_uaf_cff2_blend_stack_base_pointer_0001,freetype,uaf,src/cff/cffload.c,cff_blend_doBlend,cff2-blend-stack-base-pointer-not-retargeted-after-realloc,at or above hardness bar,clearly hard enough,2026-06-16 baseline accepted previously or 2026-06-17 scratch record passed strict scratch review
freetype_2_14_3_hard_uninit_sbit_small_metrics_vertical_fields_0001,freetype,uninit,src/sfnt/ttsbit.c,tt_sbit_decoder_load_metrics,sbit-small-metrics-vertical-bearing-fields-left-untouched,at or above hardness bar,borderline hard,2026-06-16 baseline accepted previously or 2026-06-17 scratch record passed strict scratch review
frozen_a42fc33_hard_alloc_printf_heap_fallback_missing_terminator_byte_0004,frozen,alloc,frozen.c,json_vprintf,frozen-vprintf-delegated-format-heap-buffer-nul-slot,at or above hardness bar,borderline hard,2026-06-16 baseline accepted previously or 2026-06-17 scratch record passed strict scratch review
frozen_a42fc33_hard_alloc_qscan_unescape_result_missing_nul_slot_0002,frozen,alloc,frozen.c,json_scanf_cb,frozen-qscan-two-pass-unescape-result-nul-slot-missing,at or above hardness bar,borderline hard,2026-06-16 baseline accepted previously or 2026-06-17 scratch record passed strict scratch review
frozen_a42fc33_hard_spatial_callback_path_full_capacity_terminator_0005,frozen,spatial,frozen.c,json_append_to_path,frozen-callback-path-reserved-terminator-capacity-loss,at or above hardness bar,borderline hard,2026-06-16 baseline accepted previously or 2026-06-17 scratch record passed strict scratch review
frozen_a42fc33_hard_spatial_output_buffer_exact_fill_nul_clamp_0003,frozen,spatial,frozen.c,json_printer_buf,frozen-json-printer-buffer-exact-fill-nul-index,at or above hardness bar,borderline hard,2026-06-16 baseline accepted previously or 2026-06-17 scratch record passed strict scratch review
frozen_a42fc33_hard_spatial_scanf_numeric_token_stack_exact_length_0001,frozen,spatial,frozen.c,json_scanf_cb,frozen-scanf-numeric-token-stack-buffer-exact-fill,at or above hardness bar,borderline hard,2026-06-16 baseline accepted previously or 2026-06-17 scratch record passed strict scratch review
giflib_5_2_2_hard_doublefree_leading_extension_owner_not_cleared_0001,giflib,doublefree,dgif_lib.c,DGifSlurp,gif-leading-extension-transfer-stale-file-owner,at or above hardness bar,borderline hard,2026-06-16 baseline accepted previously or 2026-06-17 scratch record passed strict scratch review
giflib_5_2_2_hard_doublefree_local_colormap_saved_image_alias_0001,giflib,doublefree,dgif_lib.c,DGifGetImageDesc,gif-saved-image-local-colormap-shared-owner,at or above hardness bar,borderline hard,2026-06-16 baseline accepted previously or 2026-06-17 scratch record passed strict scratch review
giflib_5_2_2_hard_spatial_gif2rgb_single_axis_screen_escape_0001,giflib,spatial,gif2rgb.c,GIF2RGB,gif2rgb-screen-confinement-single-axis-escape,at or above hardness bar,borderline hard,2026-06-16 baseline accepted previously or 2026-06-17 scratch record passed strict scratch review
giflib_5_2_2_hard_spatial_interlace_slurp_height_one_past_row_0001,giflib,spatial,dgif_lib.c,DGifSlurp,gif-interlace-pass-height-one-past-raster-row,at or above hardness bar,borderline hard,2026-06-16 baseline accepted previously or 2026-06-17 scratch record passed strict scratch review
giflib_5_2_2_hard_spatial_lzw_prefix_full_stack_terminal_push_0001,giflib,spatial,dgif_lib.c,DGifDecompressLine,gif-lzw-prefix-chain-full-stack-terminal-push,at or above hardness bar,borderline hard,2026-06-16 baseline accepted previously or 2026-06-17 scratch record passed strict scratch review
giflib_5_2_2_hard_spatial_lzw_width_13_codemask_index_0001,giflib,spatial,dgif_lib.c,DGifDecompressInput,gif-lzw-running-bits-codemask-width-thirteen,at or above hardness bar,borderline hard,2026-06-16 baseline accepted previously or 2026-06-17 scratch record passed strict scratch review
giflib_5_2_2_hard_spatial_union_colormap_capacity_accepts_257_colors_0001,giflib,spatial,gifalloc.c,GifUnionColorMap,gif-union-colormap-format-limit-vs-temp-capacity,at or above hardness bar,borderline hard,2026-06-16 baseline accepted previously or 2026-06-17 scratch record passed strict scratch review
giflib_5_2_2_hard_uaf_saved_image_raster_borrowed_after_include_close_0001,giflib,uaf,gifalloc.c,GifMakeSavedImage,gif-saved-image-raster-borrowed-through-include-copy,at or above hardness bar,clearly hard enough,2026-06-16 baseline accepted previously or 2026-06-17 scratch record passed strict scratch review
heatshrink_7d419e1_hard_alloc_encoder_index_table_one_entry_short_0001,heatshrink,alloc,heatshrink_encoder.c,heatshrink_encoder_alloc,heatshrink-indexed-encoder-search-table-one-entry-short,at or above hardness bar,borderline hard,2026-06-16 baseline accepted previously or 2026-06-17 scratch record passed strict scratch review
heatshrink_7d419e1_hard_spatial_decoder_backref_ring_mask_power_of_two_0004,heatshrink,spatial,heatshrink_decoder.c,st_yield_backref,heatshrink-decoder-backref-ring-mask-size-confusion,at or above hardness bar,borderline hard,2026-06-16 baseline accepted previously or 2026-06-17 scratch record passed strict scratch review
heatshrink_7d419e1_hard_spatial_encoder_indexing_loop_inclusive_end_0002,heatshrink,spatial,heatshrink_encoder.c,do_indexing,heatshrink-indexed-encoder-active-range-inclusive-end,at or above hardness bar,borderline hard,2026-06-16 baseline accepted previously or 2026-06-17 scratch record passed strict scratch review
heatshrink_7d419e1_hard_spatial_match_scan_reads_one_past_lookahead_0003,heatshrink,spatial,heatshrink_encoder.c,find_longest_match,heatshrink-indexed-match-lookahead-inclusive-compare,at or above hardness bar,borderline hard,2026-06-16 baseline accepted previously or 2026-06-17 scratch record passed strict scratch review
http_parser_2_9_4_hard_intover_chunk_size_guard_checked_after_wrap_0003,http_parser,intover,http_parser.c,http_parser_execute,http-parser-chunk-size-postwrap-guard,at or above hardness bar,borderline hard,2026-06-16 baseline accepted previously or 2026-06-17 scratch record passed strict scratch review
http_parser_2_9_4_hard_intover_content_length_guard_checked_after_wrap_0002,http_parser,intover,http_parser.c,http_parser_execute,http-parser-content-length-postwrap-guard,at or above hardness bar,borderline hard,2026-06-16 baseline accepted previously or 2026-06-17 scratch record passed strict scratch review
http_parser_2_9_4_hard_spatial_content_length_body_final_callback_extent_0001,http_parser,spatial,http_parser.c,http_parser_execute,http-parser-content-length-body-cursor-final-byte-skip,at or above hardness bar,borderline hard,2026-06-16 baseline accepted previously or 2026-06-17 scratch record passed strict scratch review
http_parser_2_9_4_hard_spatial_url_component_initial_length_overstates_terminal_field_0006,http_parser,spatial,http_parser.c,http_parser_parse_url,http-parser-url-field-initial-length-overstatement,at or above hardness bar,borderline hard,2026-06-16 baseline accepted previously or 2026-06-17 scratch record passed strict scratch review
http_parser_2_9_4_hard_spatial_url_host_validation_end_inclusive_0004,http_parser,spatial,http_parser.c,http_parse_host,http-parser-host-subparser-inclusive-end,at or above hardness bar,borderline hard,2026-06-16 baseline accepted previously or 2026-06-17 scratch record passed strict scratch review
http_parser_2_9_4_hard_spatial_url_port_conversion_end_inclusive_0005,http_parser,spatial,http_parser.c,http_parser_parse_url,http-parser-url-port-conversion-inclusive-end,at or above hardness bar,borderline hard,2026-06-16 baseline accepted previously or 2026-06-17 scratch record passed strict scratch review
inih_577ae2d_hard_spatial_heap_realloc_continuation_reader_one_extra_0002,inih,spatial,ini.c,ini_parse_stream,inih-heap-line-continuation-capacity-one-extra,at or above hardness bar,borderline hard,2026-06-16 baseline accepted previously or 2026-06-17 scratch record passed strict scratch review
inih_577ae2d_hard_spatial_section_copy_helper_terminator_boundary_0003,inih,spatial,ini.c,ini_strncpy0,inih-fixed-section-name-copy-full-buffer,at or above hardness bar,borderline hard,2026-06-16 baseline accepted previously or 2026-06-17 scratch record passed strict scratch review
inih_577ae2d_hard_spatial_string_reader_exact_line_capacity_0001,inih,spatial,ini.c,ini_reader_string,inih-string-reader-line-buffer-exact-capacity,at or above hardness bar,borderline hard,2026-06-16 baseline accepted previously or 2026-06-17 scratch record passed strict scratch review
iniparser_4_2_6_hard_alloc_dictionary_grow_hash_capacity_0001,iniparser,alloc,src/dictionary.c,dictionary_grow,iniparser-dictionary-grow-hash-vector-capacity-split,at or above hardness bar,borderline hard,2026-06-16 baseline accepted previously or 2026-06-17 scratch record passed strict scratch review
iniparser_4_2_6_hard_spatial_api_set_value_terminator_trust_0005,iniparser,spatial,src/iniparser.c,iniparser_set,iniparser-api-set-value-terminator-capacity,at or above hardness bar,borderline hard,2026-06-16 baseline accepted previously or 2026-06-17 scratch record passed strict scratch review
iniparser_4_2_6_hard_spatial_composite_key_stack_buffer_0003,iniparser,spatial,src/iniparser.c,iniparser_load_file,iniparser-section-key-composite-buffer-shortfall,at or above hardness bar,borderline hard,2026-06-16 baseline accepted previously or 2026-06-17 scratch record passed strict scratch review
iniparser_4_2_6_hard_spatial_dump_ini_escaped_value_slack_0004,iniparser,spatial,src/iniparser.c,iniparser_dump_ini,iniparser-dump-unsectioned-escaped-value-capacity,at or above hardness bar,borderline hard,2026-06-16 baseline accepted previously or 2026-06-17 scratch record passed strict scratch review
iniparser_4_2_6_hard_spatial_multiline_continuation_read_capacity_0002,iniparser,spatial,src/iniparser.c,iniparser_load_file,iniparser-multiline-continuation-remaining-capacity-loss,at or above hardness bar,borderline hard,2026-06-16 baseline accepted previously or 2026-06-17 scratch record passed strict scratch review
iniparser_4_2_6_hard_uaf_dictionary_unset_key_reachable_slot_0006,iniparser,uaf,src/dictionary.c,dictionary_unset,iniparser-dictionary-unset-key-slot-reachability,at or above hardness bar,clearly hard enough,2026-06-16 baseline accepted previously or 2026-06-17 scratch record passed strict scratch review
jsmn_25647e6_hard_alloc_jsondump_token_realloc_one_slot_short_0002,jsmn,alloc,example/jsondump.c,main,jsmn-jsondump-token-retry-array-one-slot-short,at or above hardness bar,borderline hard,2026-06-16 baseline accepted previously or 2026-06-17 scratch record passed strict scratch review
jsmn_25647e6_hard_spatial_string_escape_trailing_backslash_guard_0003,jsmn,spatial,jsmn.h,jsmn_parse_string,jsmn-string-escape-slice-end-inclusive-lookahead,at or above hardness bar,borderline hard,2026-06-16 baseline accepted previously or 2026-06-17 scratch record passed strict scratch review
jsmn_25647e6_hard_spatial_token_pool_exact_capacity_guard_0001,jsmn,spatial,jsmn.h,jsmn_alloc_token,jsmn-token-pool-exact-capacity-allocation,at or above hardness bar,borderline hard,2026-06-16 baseline accepted previously or 2026-06-17 scratch record passed strict scratch review
json_c_0_18_hard_alloc_001,json-c,alloc,arraylist.c,array_list_expand_internal,arraylist-realloc-size-factor-guard-drop,at or above hardness bar,borderline hard,2026-06-16 baseline accepted previously or 2026-06-17 scratch record passed strict scratch review
json_c_0_18_hard_alloc_002,json-c,alloc,json_object.c,_json_object_new_string,short-string-inline-minimum-allocation-drop,at or above hardness bar,borderline hard,2026-06-16 baseline accepted previously or 2026-06-17 scratch record passed strict scratch review
json_c_0_18_hard_doublefree_001,json-c,doublefree,json_object.c,json_object_copy_serializer_data,serializer-userdata-deep-copy-borrow,at or above hardness bar,borderline hard,2026-06-16 baseline accepted previously or 2026-06-17 scratch record passed strict scratch review
json_c_0_18_hard_doublefree_002,json-c,doublefree,json_tokener.c,json_tokener_reset_level,tokener-current-nullout-drop,at or above hardness bar,borderline hard,2026-06-16 baseline accepted previously or 2026-06-17 scratch record passed strict scratch review
json_c_0_18_hard_doublefree_003,json-c,doublefree,json_tokener.c,json_tokener_parse_ex,tokener-field-name-nullout-drop,at or above hardness bar,borderline hard,2026-06-16 baseline accepted previously or 2026-06-17 scratch record passed strict scratch review
json_c_0_18_hard_intover_001,json-c,intover,arraylist.c,array_list_shrink,arraylist-shrink-count-addition-guard-drop,at or above hardness bar,borderline hard,2026-06-16 baseline accepted previously or 2026-06-17 scratch record passed strict scratch review
json_c_0_18_hard_intover_002,json-c,intover,linkhash.c,lh_table_insert_w_hash,linkhash-resize-signed-double-overflow,at or above hardness bar,borderline hard,2026-06-16 baseline accepted previously or 2026-06-17 scratch record passed strict scratch review
json_c_0_18_hard_intover_003,json-c,intover,printbuf.c,printbuf_extend,printbuf-extend-growth-slop-overflow-bound,at or above hardness bar,borderline hard,2026-06-16 baseline accepted previously or 2026-06-17 scratch record passed strict scratch review
json_c_0_18_hard_intover_004,json-c,intover,printbuf.c,printbuf_memappend,printbuf-append-terminator-overflow-bound,at or above hardness bar,borderline hard,2026-06-16 baseline accepted previously or 2026-06-17 scratch record passed strict scratch review
json_c_0_18_hard_spatial_001,json-c,spatial,arraylist.c,array_list_get_idx,arraylist-get-length-boundary-off-by-one,at or above hardness bar,borderline hard,2026-06-16 baseline accepted previously or 2026-06-17 scratch record passed strict scratch review
json_c_0_18_hard_spatial_002,json-c,spatial,arraylist.c,array_list_insert_idx,arraylist-insert-tail-count-off-by-one,at or above hardness bar,borderline hard,2026-06-16 baseline accepted previously or 2026-06-17 scratch record passed strict scratch review
json_c_0_18_hard_spatial_003,json-c,spatial,arraylist.c,array_list_del_idx,arraylist-delete-range-wrap,at or above hardness bar,borderline hard,2026-06-16 baseline accepted previously or 2026-06-17 scratch record passed strict scratch review
json_c_0_18_hard_spatial_004,json-c,spatial,json_object.c,json_object_double_to_json_string_format,double-serializer-truncated-stack-buffer-length,at or above hardness bar,borderline hard,2026-06-16 baseline accepted previously or 2026-06-17 scratch record passed strict scratch review
json_c_0_18_hard_spatial_005,json-c,spatial,json_pointer.c,string_replace_all_occurrences_with_char,json-pointer-escape-collapse-terminator-drop,at or above hardness bar,borderline hard,2026-06-16 baseline accepted previously or 2026-06-17 scratch record passed strict scratch review
json_c_0_18_hard_spatial_006,json-c,spatial,json_tokener.c,json_tokener_parse_ex,tokener-array-depth-off-by-one,at or above hardness bar,borderline hard,2026-06-16 baseline accepted previously or 2026-06-17 scratch record passed strict scratch review
json_c_0_18_hard_typeconf_001,json-c,typeconf,json_patch.c,json_patch_apply,json-patch-array-discriminator-drop,at or above hardness bar,clearly hard enough,2026-06-16 baseline accepted previously or 2026-06-17 scratch record passed strict scratch review
json_c_0_18_hard_typeconf_002,json-c,typeconf,json_pointer.c,json_pointer_set_single_path,json-pointer-parent-object-discriminator-drop,at or above hardness bar,clearly hard enough,2026-06-16 baseline accepted previously or 2026-06-17 scratch record passed strict scratch review
json_c_0_18_hard_uaf_001,json-c,uaf,json_object.c,_json_object_set_string_len,string-pdata-zero-length-state-drop,at or above hardness bar,clearly hard enough,2026-06-16 baseline accepted previously or 2026-06-17 scratch record passed strict scratch review
json_c_0_18_hard_uaf_002,json-c,uaf,json_patch.c,json_patch_apply_remove,patch-root-remove-result-not-cleared,at or above hardness bar,clearly hard enough,2026-06-16 baseline accepted previously or 2026-06-17 scratch record passed strict scratch review
json_c_0_18_hard_uaf_003,json-c,uaf,json_patch.c,json_patch_apply_add_replace,patch-add-replace-borrowed-value,at or above hardness bar,clearly hard enough,2026-06-16 baseline accepted previously or 2026-06-17 scratch record passed strict scratch review
json_c_0_18_hard_uaf_004,json-c,uaf,json_patch.c,json_patch_apply_move_copy,patch-move-source-retain-drop,at or above hardness bar,clearly hard enough,2026-06-16 baseline accepted previously or 2026-06-17 scratch record passed strict scratch review
json_c_0_18_hard_uaf_005,json-c,uaf,json_pointer.c,json_pointer_get_internal,pointer-result-key-remap-drop,at or above hardness bar,clearly hard enough,2026-06-16 baseline accepted previously or 2026-06-17 scratch record passed strict scratch review
json_c_0_18_hard_uaf_006,json-c,uaf,json_tokener.c,json_tokener_parse_ex,tokener-success-return-retain-drop,at or above hardness bar,clearly hard enough,2026-06-16 baseline accepted previously or 2026-06-17 scratch record passed strict scratch review
json_c_0_18_hard_uaf_007,json-c,uaf,linkhash.c,lh_table_delete_entry,linkhash-delete-slot-sentinel-drop,at or above hardness bar,clearly hard enough,2026-06-16 baseline accepted previously or 2026-06-17 scratch record passed strict scratch review
json_c_0_18_hard_uninit_001,json-c,uninit,arraylist.c,array_list_put_idx,arraylist-sparse-hole-zero-fill-drop,at or above hardness bar,borderline hard,2026-06-16 baseline accepted previously or 2026-06-17 scratch record passed strict scratch review
json_c_0_18_hard_uninit_002,json-c,uninit,json_pointer.c,json_pointer_get_internal,json-pointer-empty-result-init-drop,at or above hardness bar,borderline hard,2026-06-16 baseline accepted previously or 2026-06-17 scratch record passed strict scratch review
json_c_0_18_hard_uninit_003,json-c,uninit,linkhash.c,lh_table_new,linkhash-table-header-zero-init-drop,at or above hardness bar,borderline hard,2026-06-16 baseline accepted previously or 2026-06-17 scratch record passed strict scratch review
json_parser_8ac4477_hard_alloc_array_child_pointer_table_one_short_0002,json_parser,alloc,json.c,new_value,json-parser-array-child-pointer-table-one-short,at or above hardness bar,borderline hard,2026-06-16 baseline accepted previously or 2026-06-17 scratch record passed strict scratch review
json_parser_8ac4477_hard_alloc_nonbmp_escape_first_pass_byte_count_short_0004,json_parser,alloc,json.c,json_parse_ex,json-parser-surrogate-pair-first-pass-utf8-byte-undercount,at or above hardness bar,borderline hard,2026-06-16 baseline accepted previously or 2026-06-17 scratch record passed strict scratch review
json_parser_8ac4477_hard_alloc_object_entry_table_one_short_second_pass_0001,json_parser,alloc,json.c,new_value,json-parser-object-entry-table-one-short-second-pass,at or above hardness bar,borderline hard,2026-06-16 baseline accepted previously or 2026-06-17 scratch record passed strict scratch review
json_parser_8ac4477_hard_alloc_object_key_arena_nul_excluded_first_pass_0003,json_parser,alloc,json.c,json_parse_ex,json-parser-object-key-arena-first-pass-terminator-gap,at or above hardness bar,borderline hard,2026-06-16 baseline accepted previously or 2026-06-17 scratch record passed strict scratch review
source_audit_quaternary_hard_lcms_doublefree_clut16_stage_dup_shares_table_0004,lcms,doublefree,src/cmslut.c,CLUTElemDup,lcms-clut16-stage-duplicate-shares-grid-table,at or above hardness bar,borderline hard,2026-06-16 baseline accepted previously or 2026-06-17 scratch record passed strict scratch review
source_audit_quaternary_hard_lcms_doublefree_curve_set_stage_dup_shares_curves_0002,lcms,doublefree,src/cmslut.c,CurveSetDup,lcms-curve-set-duplicate-shares-curve-objects,at or above hardness bar,borderline hard,2026-06-16 baseline accepted previously or 2026-06-17 scratch record passed strict scratch review
source_audit_quaternary_hard_lcms_doublefree_dict_add_borrows_display_mlus_0007,lcms,doublefree,src/cmsnamed.c,cmsDictAddEntry,lcms-dictionary-entry-display-mlu-borrowed,at or above hardness bar,borderline hard,2026-06-16 baseline accepted previously or 2026-06-17 scratch record passed strict scratch review
source_audit_quaternary_hard_lcms_doublefree_matrix_stage_dup_shares_matrix_0003,lcms,doublefree,src/cmslut.c,MatrixElemDup,lcms-matrix-stage-duplicate-coefficient-buffer-shared,at or above hardness bar,borderline hard,2026-06-16 baseline accepted previously or 2026-06-17 scratch record passed strict scratch review
source_audit_quaternary_hard_lcms_doublefree_mlu_dup_shares_text_pool_0006,lcms,doublefree,src/cmsnamed.c,cmsMLUdup,lcms-mlu-duplicate-shares-string-pool,at or above hardness bar,borderline hard,2026-06-16 baseline accepted previously or 2026-06-17 scratch record passed strict scratch review
source_audit_quaternary_hard_lcms_doublefree_named_color_stage_borrows_list_0009,lcms,doublefree,src/cmsnamed.c,_cmsStageAllocNamedColor,lcms-named-color-stage-list-borrowed,at or above hardness bar,borderline hard,2026-06-16 baseline accepted previously or 2026-06-17 scratch record passed strict scratch review
source_audit_quaternary_hard_lcms_doublefree_pipeline_dup_shares_optimizer_data_0005,lcms,doublefree,src/cmslut.c,cmsPipelineDup,lcms-pipeline-optimizer-private-data-shared-on-dup,at or above hardness bar,borderline hard,2026-06-16 baseline accepted previously or 2026-06-17 scratch record passed strict scratch review
source_audit_quaternary_hard_lcms_doublefree_profile_sequence_dup_borrows_mlus_0008,lcms,doublefree,src/cmsnamed.c,cmsDupProfileSequenceDescription,lcms-profile-sequence-duplicate-shares-description-mlus,at or above hardness bar,borderline hard,2026-06-16 baseline accepted previously or 2026-06-17 scratch record passed strict scratch review
source_audit_quaternary_hard_lcms_spatial_mlu_string_pool_extent_uses_len_only_0011,lcms,spatial,src/cmstypes.c,Type_MLU_Read,lcms-mlu-offset-string-pool-extent-truncated,at or above hardness bar,borderline hard,2026-06-16 baseline accepted previously or 2026-06-17 scratch record passed strict scratch review
source_audit_quaternary_hard_lcms_uaf_tone_curve_constructor_borrows_caller_curves_0001,lcms,uaf,src/cmslut.c,cmsStageAllocToneCurves,lcms-tone-curve-stage-caller-curve-borrowed,at or above hardness bar,clearly hard enough,2026-06-16 baseline accepted previously or 2026-06-17 scratch record passed strict scratch review
source_audit_quaternary_hard_lcms_uninit_matshaper_missing_identity_offset_0010,lcms,uninit,src/cmsopt.c,SetMatShaper,lcms-matshaper-identity-offset-default-missing,at or above hardness bar,borderline hard,2026-06-16 baseline accepted previously or 2026-06-17 scratch record passed strict scratch review
libconfini_1_16_4_hard_spatial_array_foreach_fragment_length_offset_0005,libconfini,spatial,src/confini.c,ini_array_foreach,libconfini-array-foreach-offset-length-confusion,at or above hardness bar,borderline hard,2026-06-16 baseline accepted previously or 2026-06-17 scratch record passed strict scratch review
libconfini_1_16_4_hard_spatial_dispatch_vlen_carry_between_nodes_0004,libconfini,spatial,src/confini.c,strip_ini_cache,libconfini-dispatch-value-length-cross-node-carry,at or above hardness bar,borderline hard,2026-06-16 baseline accepted previously or 2026-06-17 scratch record passed strict scratch review
libconfini_1_16_4_hard_spatial_raw_value_trim_total_node_length_0003,libconfini,spatial,src/confini.c,strip_ini_cache,libconfini-preserve-value-total-node-length-skew,at or above hardness bar,borderline hard,2026-06-16 baseline accepted previously or 2026-06-17 scratch record passed strict scratch review
libconfini_1_16_4_hard_spatial_relative_section_parent_length_dot_0002,libconfini,spatial,src/confini.c,strip_ini_cache,libconfini-relative-section-dot-length-skew,at or above hardness bar,borderline hard,2026-06-16 baseline accepted previously or 2026-06-17 scratch record passed strict scratch review
libconfini_1_16_4_hard_spatial_unterminated_section_dispatch_extent_0001,libconfini,spatial,src/confini.c,get_type_as_active,libconfini-section-close-marker-one-past-classification,at or above hardness bar,borderline hard,2026-06-16 baseline accepted previously or 2026-06-17 scratch record passed strict scratch review
libcsv_3_0_3_hard_spatial_append_null_growth_reserve_0001,libcsv,spatial,libcsv.c,csv_parse,libcsv-append-null-growth-reserve-byte-loss,at or above hardness bar,borderline hard,2026-06-16 baseline accepted previously or 2026-06-17 scratch record passed strict scratch review
libcsv_3_0_3_hard_spatial_fini_quoted_empty_underflow_0002,libcsv,spatial,libcsv.c,csv_fini,libcsv-fini-quoted-field-trim-underflow,at or above hardness bar,borderline hard,2026-06-16 baseline accepted previously or 2026-06-17 scratch record passed strict scratch review
libcsv_3_0_3_hard_spatial_null_realloc_growth_false_success_0003,libcsv,spatial,libcsv.c,csv_set_realloc_func,libcsv-null-realloc-hook-growth-false-success,at or above hardness bar,borderline hard,2026-06-16 baseline accepted previously or 2026-06-17 scratch record passed strict scratch review
libcsv_3_0_3_hard_uaf_free_then_reuse_dangling_entry_buffer_0004,libcsv,uaf,libcsv.c,csv_free,libcsv-free-reuse-dangling-entry-buffer,at or above hardness bar,clearly hard enough,2026-06-16 baseline accepted previously or 2026-06-17 scratch record passed strict scratch review
libpng_1_6_58_hard_alloc_adam7_width_rounding_panel_underalloc_0001,libpng,alloc,pngrutil.c,png_read_start_row,adam7-width-panel-rounding-underalloc-before-deinterlace,at or above hardness bar,borderline hard,2026-06-16 baseline accepted previously or 2026-06-17 scratch record passed strict scratch review
libpng_1_6_58_hard_alloc_gray_alpha16_to_rgb_depth_underestimate_0001,libpng,alloc,pngrutil.c,png_read_start_row,gray-alpha16-to-rgb-row-depth-underestimated-before-channel-expand,at or above hardness bar,borderline hard,2026-06-16 baseline accepted previously or 2026-06-17 scratch record passed strict scratch review
libpng_1_6_58_hard_alloc_palette_trns_expand_row_depth_0001,libpng,alloc,pngrutil.c,png_read_start_row,palette-trns-expand-row-depth-underestimated-before-transform,at or above hardness bar,borderline hard,2026-06-16 baseline accepted previously or 2026-06-17 scratch record passed strict scratch review
libpng_1_6_58_hard_alloc_rgb16_filler_depth_underestimate_0001,libpng,alloc,pngrutil.c,png_read_start_row,rgb16-filler-row-depth-underestimated-before-filler-transform,at or above hardness bar,borderline hard,2026-06-16 baseline accepted previously or 2026-06-17 scratch record passed strict scratch review
libpng_1_6_58_hard_doublefree_exif_read_buffer_borrowed_setter_0001,libpng,doublefree,pngset.c,png_set_eXIf_1,exif-read-buffer-borrowed-through-public-setter,at or above hardness bar,borderline hard,2026-06-16 baseline accepted previously or 2026-06-17 scratch record passed strict scratch review
libpng_1_6_58_hard_doublefree_iccp_read_buffer_steal_0001,libpng,doublefree,pngrutil.c,png_handle_iCCP,iccp-profile-read-buffer-ownership-transfer-with-stale-cache,at or above hardness bar,borderline hard,2026-06-16 baseline accepted previously or 2026-06-17 scratch record passed strict scratch review
libpng_1_6_58_hard_doublefree_trns_alpha_info_alias_0001,libpng,doublefree,pngset.c,png_set_tRNS,trns-alpha-info-transform-alias-through-destroy-lifecycle,at or above hardness bar,borderline hard,2026-06-16 baseline accepted previously or 2026-06-17 scratch record passed strict scratch review
libpng_1_6_58_hard_doublefree_unknown_cache_0001,libpng,doublefree,pngrutil.c,png_handle_unknown,unknown-chunk-cache-pointer-retained-after-release,at or above hardness bar,borderline hard,2026-06-16 baseline accepted previously or 2026-06-17 scratch record passed strict scratch review
libpng_1_6_58_hard_spatial_exif_min_length_dispatch_header_0001,libpng,spatial,pngrutil.c,png_handle_chunk,exif-min-length-dispatch-table-underpermits-header-read,at or above hardness bar,borderline hard,2026-06-16 baseline accepted previously or 2026-06-17 scratch record passed strict scratch review
libpng_1_6_58_hard_spatial_splt_depth16_entry_size_miscount_0001,libpng,spatial,pngrutil.c,png_handle_sPLT,splt-depth16-entry-size-miscount-before-entry-decode,at or above hardness bar,borderline hard,2026-06-16 baseline accepted previously or 2026-06-17 scratch record passed strict scratch review
libpng_1_6_58_hard_uaf_splt_alias_0001,libpng,uaf,pngset.c,png_set_sPLT,splt-getter-setter-alias-reallocated-before-copy,at or above hardness bar,clearly hard enough,2026-06-16 baseline accepted previously or 2026-06-17 scratch record passed strict scratch review
libpng_1_6_58_hard_uaf_text_alias_0001,libpng,uaf,pngset.c,png_set_text_2,text-getter-setter-alias-reallocated-before-copy,at or above hardness bar,clearly hard enough,2026-06-16 baseline accepted previously or 2026-06-17 scratch record passed strict scratch review
TIF47H_libtiff_alloc_0001,libtiff,alloc,libtiff/tif_dirread.c,TIFFReadDirectory,ascii-tag-terminator-underallocation,at or above hardness bar,borderline hard,2026-06-16 baseline accepted previously or 2026-06-17 scratch record passed strict scratch review
TIF47H_libtiff_alloc_0002,libtiff,alloc,libtiff/tif_dirread.c,TIFFReadDirectory,ascii-array-terminator-underallocation,at or above hardness bar,borderline hard,2026-06-16 baseline accepted previously or 2026-06-17 scratch record passed strict scratch review
TIF47H_libtiff_alloc_0003,libtiff,alloc,tools/thumbnail.c,generateThumbnail,thumbnail-raster-guard-underallocation,at or above hardness bar,borderline hard,2026-06-16 baseline accepted previously or 2026-06-17 scratch record passed strict scratch review
TIF47H_libtiff_alloc_0004,libtiff,alloc,libtiff/tif_dir.c,setDoubleArrayOneValue,double-array-sizeof-factor-underallocation,at or above hardness bar,borderline hard,2026-06-16 baseline accepted previously or 2026-06-17 scratch record passed strict scratch review
TIF47H_libtiff_alloc_0005,libtiff,alloc,libtiff/tif_getimage.c,gtStripContig,ycbcr-strip-subsampling-rounded-row-underallocation,at or above hardness bar,borderline hard,2026-06-16 baseline accepted previously or 2026-06-17 scratch record passed strict scratch review
TIF47H_libtiff_alloc_0006,libtiff,alloc,libtiff/tif_aux.c,TIFFDefaultTransferFunction,default-transfer-function-element-count-underallocation,at or above hardness bar,borderline hard,2026-06-16 baseline accepted previously or 2026-06-17 scratch record passed strict scratch review
TIF47H_libtiff_alloc_0007,libtiff,alloc,tools/tiffsplit.c,cpStrips,tiffsplit-raw-strip-bytecount-realloc-stale-size,at or above hardness bar,borderline hard,2026-06-16 baseline accepted previously or 2026-06-17 scratch record passed strict scratch review
TIF47H_libtiff_alloc_0008,libtiff,alloc,tools/tiffsplit.c,cpTiles,tiffsplit-raw-tile-bytecount-realloc-stale-size,at or above hardness bar,borderline hard,2026-06-16 baseline accepted previously or 2026-06-17 scratch record passed strict scratch review
TIF47H_libtiff_alloc_0009,libtiff,alloc,libtiff/tif_webp.c,TWebPSetupEncode,webp-encoder-staging-sample-factor-underallocation,at or above hardness bar,borderline hard,2026-06-16 baseline accepted previously or 2026-06-17 scratch record passed strict scratch review
TIF47H_libtiff_alloc_0010,libtiff,alloc,libtiff/tif_webp.c,TWebPDecode,webp-decoder-staging-sample-factor-underallocation,at or above hardness bar,borderline hard,2026-06-16 baseline accepted previously or 2026-06-17 scratch record passed strict scratch review
TIF47H_libtiff_doublefree_0001,libtiff,doublefree,libtiff/tif_close.c,_TIFFCleanupIFDOffsetAndNumberMaps,ifd-loop-map-missing-nullout,at or above hardness bar,borderline hard,2026-06-16 baseline accepted previously or 2026-06-17 scratch record passed strict scratch review
TIF47H_libtiff_doublefree_0002,libtiff,doublefree,libtiff/tif_fax3.c,Fax3SetupState,fax3-run-array-missing-nullout,at or above hardness bar,borderline hard,2026-06-16 baseline accepted previously or 2026-06-17 scratch record passed strict scratch review
TIF47H_libtiff_doublefree_0003,libtiff,doublefree,libtiff/tif_lerc.c,LERCSetupDecode,lerc-uncompressed-buffer-missing-nullout,at or above hardness bar,borderline hard,2026-06-16 baseline accepted previously or 2026-06-17 scratch record passed strict scratch review
TIF47H_libtiff_doublefree_0004,libtiff,doublefree,libtiff/tif_pixarlog.c,PixarLogSetupDecode,pixarlog-tbuf-missing-nullout,at or above hardness bar,borderline hard,2026-06-16 baseline accepted previously or 2026-06-17 scratch record passed strict scratch review
TIF47H_libtiff_doublefree_0005,libtiff,doublefree,libtiff/tif_dir.c,TIFFFreeDirectory,directory-rawdata-owner-nullout-omission,at or above hardness bar,borderline hard,2026-06-16 baseline accepted previously or 2026-06-17 scratch record passed strict scratch review
TIF47H_libtiff_intover_0001,libtiff,intover,tools/tiffcrop.c,writeBufferToSeparateStrips,missing-plus-one-factor-overflow,at or above hardness bar,borderline hard,2026-06-16 baseline accepted previously or 2026-06-17 scratch record passed strict scratch review
TIF47H_libtiff_intover_0002,libtiff,intover,tools/tiffcrop.c,loadImage,missing-tile-count-overflow-factor,at or above hardness bar,borderline hard,2026-06-16 baseline accepted previously or 2026-06-17 scratch record passed strict scratch review
TIF47H_libtiff_intover_0003,libtiff,intover,tools/tiffcrop.c,rotateImage,padding-addition-overflow-undercheck,at or above hardness bar,borderline hard,2026-06-16 baseline accepted previously or 2026-06-17 scratch record passed strict scratch review
TIF47H_libtiff_spatial_0001,libtiff,spatial,libtiff/tif_packbits.c,PackBitsDecode,packbits-literal-output-off-by-one,at or above hardness bar,borderline hard,2026-06-16 baseline accepted previously or 2026-06-17 scratch record passed strict scratch review
TIF47H_libtiff_spatial_0002,libtiff,spatial,libtiff/tif_packbits.c,PackBitsDecode,packbits-literal-source-off-by-one,at or above hardness bar,borderline hard,2026-06-16 baseline accepted previously or 2026-06-17 scratch record passed strict scratch review
TIF47H_libtiff_spatial_0003,libtiff,spatial,libtiff/tif_next.c,NeXTDecode,next-literal-span-end-off-by-one,at or above hardness bar,borderline hard,2026-06-16 baseline accepted previously or 2026-06-17 scratch record passed strict scratch review
TIF47H_libtiff_spatial_0004,libtiff,spatial,libtiff/tif_predict.c,horAcc16,predictor-one-pixel-stride-boundary,at or above hardness bar,borderline hard,2026-06-16 baseline accepted previously or 2026-06-17 scratch record passed strict scratch review
TIF47H_libtiff_spatial_0005,libtiff,spatial,libtiff/tif_lzw.c,LZWDecode,lzw-string-length-output-off-by-one,at or above hardness bar,borderline hard,2026-06-16 baseline accepted previously or 2026-06-17 scratch record passed strict scratch review
TIF47H_libtiff_spatial_0006,libtiff,spatial,libtiff/tif_ojpeg.c,OJPEGReadHeaderInfoSecStreamSof,ojpeg-sof-component-count-upper-bound-admission,at or above hardness bar,borderline hard,2026-06-16 baseline accepted previously or 2026-06-17 scratch record passed strict scratch review
TIF47H_libtiff_uaf_0001,libtiff,uaf,libtiff/tif_dir.c,_TIFFVSetField,custom-tag-stale-value-after-replacement-free,at or above hardness bar,clearly hard enough,2026-06-16 baseline accepted previously or 2026-06-17 scratch record passed strict scratch review
TIF47H_libtiff_uninit_0001,libtiff,uninit,libtiff/tif_ojpeg.c,TIFFInitOJPEG,ojpeg-codec-state-zero-init-removal,at or above hardness bar,borderline hard,2026-06-16 baseline accepted previously or 2026-06-17 scratch record passed strict scratch review
TIF47H_libtiff_uninit_0002,libtiff,uninit,libtiff/tif_pixarlog.c,TIFFInitPixarLog,pixarlog-codec-state-zero-init-removal,at or above hardness bar,borderline hard,2026-06-16 baseline accepted previously or 2026-06-17 scratch record passed strict scratch review
T2H_libucl_topup_doublefree_0001,libucl,doublefree,src/ucl_util.c,ucl_object_copy_internal,container-copy-shares-original-index-before-recursive-clone,at or above hardness bar,borderline hard,2026-06-16 baseline accepted previously or 2026-06-17 scratch record passed strict scratch review
T2H_libucl_topup_doublefree_0002,libucl,doublefree,src/ucl_util.c,ucl_object_copy_internal,string-copy-retains-source-trash-value-buffer,at or above hardness bar,borderline hard,2026-06-16 baseline accepted previously or 2026-06-17 scratch record passed strict scratch review
libucl_0_9_4_hard_doublefree_extrefs_0007,libucl,doublefree,src/ucl_schema.c,ucl_object_validate_root_ext,schema-validation-unrefs-caller-owned-external-cache,at or above hardness bar,borderline hard,2026-06-16 baseline accepted previously or 2026-06-17 scratch record passed strict scratch review
libucl_0_9_4_more_doublefree_0001,libucl,doublefree,src/ucl_parser.c,ucl_parser_add_chunk_full,special-handler-cleanup-chain-records-wrong-buffer,at or above hardness bar,borderline hard,2026-06-16 baseline accepted previously or 2026-06-17 scratch record passed strict scratch review
libucl_0_9_4_hard_spatial_msgpack_key_0001,libucl,spatial,src/ucl_msgpack.c,ucl_msgpack_consume,msgpack-map-key-length-one-byte-slack,at or above hardness bar,borderline hard,2026-06-16 baseline accepted previously or 2026-06-17 scratch record passed strict scratch review
libucl_0_9_4_more_typeconf_0003,libucl,typeconf,src/ucl_parser.c,ucl_parser_register_macro,macro-dispatch-context-discriminator-flip,at or above hardness bar,clearly hard enough,2026-06-16 baseline accepted previously or 2026-06-17 scratch record passed strict scratch review
T2H_libucl_topup_uaf_0001,libucl,uaf,src/ucl_hash.c,ucl_hash_replace,hash-replace-khash-entry-with-stale-iteration-link,at or above hardness bar,clearly hard enough,2026-06-16 baseline accepted previously or 2026-06-17 scratch record passed strict scratch review
libucl_0_9_4_hard_uaf_fd_emitter_0002,libucl,uaf,src/ucl_emitter_utils.c,ucl_object_emit_fd_funcs,fd-emitter-callback-borrows-returned-stack-parameter,at or above hardness bar,clearly hard enough,2026-06-16 baseline accepted previously or 2026-06-17 scratch record passed strict scratch review
libucl_0_9_4_hard_uaf_include_prefix_stack_0006,libucl,uaf,src/ucl_util.c,ucl_include_file_single,prefixed-include-stack-frame-freed-while-current,at or above hardness bar,clearly hard enough,2026-06-16 baseline accepted previously or 2026-06-17 scratch record passed strict scratch review
libucl_0_9_4_hard_uaf_include_url_chunk_0005,libucl,uaf,src/ucl_util.c,ucl_include_url,url-include-frees-current-chunk-still-on-parser-stack,at or above hardness bar,clearly hard enough,2026-06-16 baseline accepted previously or 2026-06-17 scratch record passed strict scratch review
libucl_0_9_4_hard_uaf_iterator_reset_0004,libucl,uaf,src/ucl_util.c,ucl_object_iterate_reset,safe-iterator-reset-retains-freed-explicit-iterator,at or above hardness bar,clearly hard enough,2026-06-16 baseline accepted previously or 2026-06-17 scratch record passed strict scratch review
libucl_0_9_4_hard_uaf_schema_ref_key_0003,libucl,uaf,src/ucl_schema.c,ucl_schema_resolve_ref,schema-external-ref-cache-borrows-fragment-key,at or above hardness bar,clearly hard enough,2026-06-16 baseline accepted previously or 2026-06-17 scratch record passed strict scratch review
libucl_0_9_4_more_uaf_0001,libucl,uaf,src/ucl_parser.c,ucl_parser_register_variable,parser-variable-delete-without-list-unlink,at or above hardness bar,clearly hard enough,2026-06-16 baseline accepted previously or 2026-06-17 scratch record passed strict scratch review
libucl_0_9_4_more_uaf_0004,libucl,uaf,src/ucl_hash.c,ucl_hash_delete,hash-delete-free-without-iteration-list-detach,at or above hardness bar,clearly hard enough,2026-06-16 baseline accepted previously or 2026-06-17 scratch record passed strict scratch review
libucl_0_9_4_more_uaf_0005,libucl,uaf,src/ucl_hash.c,ucl_hash_replace,hash-replace-bucket-retains-freed-element,at or above hardness bar,clearly hard enough,2026-06-16 baseline accepted previously or 2026-06-17 scratch record passed strict scratch review
libucl_0_9_4_more_uaf_0006,libucl,uaf,src/ucl_parser.c,ucl_parser_process_object_element,duplicate-key-cross-container-ownership-confusion,at or above hardness bar,clearly hard enough,2026-06-16 baseline accepted previously or 2026-06-17 scratch record passed strict scratch review
libucl_0_9_4_more_uaf_0007,libucl,uaf,src/ucl_util.c,ucl_object_copy_internal,deep-copy-key-pointer-retains-original-storage,at or above hardness bar,clearly hard enough,2026-06-16 baseline accepted previously or 2026-06-17 scratch record passed strict scratch review
libucl_0_9_4_more_uaf_0008,libucl,uaf,src/ucl_util.c,ucl_array_merge,array-merge-temporary-copy-freed-after-pointer-transfer,at or above hardness bar,clearly hard enough,2026-06-16 baseline accepted previously or 2026-06-17 scratch record passed strict scratch review
libucl_0_9_4_more_uaf_0009,libucl,uaf,src/ucl_util.c,ucl_object_insert_key_common,object-merge-child-insert-without-ref-transfer,at or above hardness bar,clearly hard enough,2026-06-16 baseline accepted previously or 2026-06-17 scratch record passed strict scratch review
libucl_0_9_4_more_uaf_0010,libucl,uaf,src/ucl_util.c,ucl_comments_move,comment-map-move-delete-without-ref,at or above hardness bar,clearly hard enough,2026-06-16 baseline accepted previously or 2026-06-17 scratch record passed strict scratch review
libucl_0_9_4_more_uaf_0011,libucl,uaf,src/ucl_parser.c,ucl_parser_append_elt,explicit-array-conversion-frees-transferred-element,at or above hardness bar,clearly hard enough,2026-06-16 baseline accepted previously or 2026-06-17 scratch record passed strict scratch review
libucl_0_9_4_more_uaf_0012,libucl,uaf,src/ucl_msgpack.c,ucl_msgpack_insert_object,msgpack-map-key-copy-inverted-zerocopy-guard,at or above hardness bar,clearly hard enough,2026-06-16 baseline accepted previously or 2026-06-17 scratch record passed strict scratch review
libucl_0_9_4_more_uaf_0013,libucl,uaf,src/ucl_msgpack.c,ucl_msgpack_parse_string,msgpack-string-value-copy-inverted-zerocopy-guard,at or above hardness bar,clearly hard enough,2026-06-16 baseline accepted previously or 2026-06-17 scratch record passed strict scratch review
libucl_0_9_4_more_uaf_0014,libucl,uaf,src/ucl_emitter_utils.c,ucl_object_emit_memory_funcs,memory-emitter-realloc-output-pointer-not-retargeted,at or above hardness bar,clearly hard enough,2026-06-16 baseline accepted previously or 2026-06-17 scratch record passed strict scratch review
libucl_0_9_4_more_uaf_0015,libucl,uaf,lua/lua_ucl.c,lua_ucl_parser_get_object_wrapped,lua-wrapped-parser-object-returned-without-ref,at or above hardness bar,clearly hard enough,2026-06-16 baseline accepted previously or 2026-06-17 scratch record passed strict scratch review
libucl_0_9_4_more_uaf_0016,libucl,uaf,src/ucl_parser.c,ucl_set_include_path,include-path-array-borrowed-across-parser-use,at or above hardness bar,clearly hard enough,2026-06-16 baseline accepted previously or 2026-06-17 scratch record passed strict scratch review
T1H_libxml2_alloc_0001,libxml2,alloc,buf.c,xmlBufGrowInternal,buffer-grow-terminator-underallocation,at or above hardness bar,borderline hard,2026-06-16 baseline accepted previously or 2026-06-17 scratch record passed strict scratch review
T1H_libxml2_alloc_0002,libxml2,alloc,tree.c,xmlGetNsListSafe,namespace-list-sentinel-underallocation,at or above hardness bar,borderline hard,2026-06-16 baseline accepted previously or 2026-06-17 scratch record passed strict scratch review
T1H_libxml2_alloc_0003,libxml2,alloc,xmlregexp.c,xmlRegExecPushString2,regexp-token-terminator-underallocation,at or above hardness bar,borderline hard,2026-06-16 baseline accepted previously or 2026-06-17 scratch record passed strict scratch review
T1H_libxml2_alloc_0004,libxml2,alloc,xmlschemastypes.c,xmlSchemaValidatePredefinedType,base64-normalized-string-underallocation,at or above hardness bar,borderline hard,2026-06-16 baseline accepted previously or 2026-06-17 scratch record passed strict scratch review
T1H_libxml2_doublefree_0001,libxml2,doublefree,catalog.c,xmlParseCatalogFile,catalog-parser-document-null-removal,at or above hardness bar,borderline hard,2026-06-16 baseline accepted previously or 2026-06-17 scratch record passed strict scratch review
T1H_libxml2_doublefree_0002,libxml2,doublefree,parser.c,xmlSAXUserParseFile,sax-file-document-owner-null-removal,at or above hardness bar,borderline hard,2026-06-16 baseline accepted previously or 2026-06-17 scratch record passed strict scratch review
T1H_libxml2_doublefree_0003,libxml2,doublefree,parser.c,xmlSAXUserParseMemory,null-after-free-removal,at or above hardness bar,borderline hard,2026-06-16 baseline accepted previously or 2026-06-17 scratch record passed strict scratch review
T1H_libxml2_doublefree_0004,libxml2,doublefree,parser.c,xmlRecoverDoc,recover-doc-owner-null-removal,at or above hardness bar,borderline hard,2026-06-16 baseline accepted previously or 2026-06-17 scratch record passed strict scratch review
T1H_libxml2_doublefree_0005,libxml2,doublefree,parserInternals.c,xmlCtxtGetDocument,null-after-free-removal,at or above hardness bar,borderline hard,2026-06-16 baseline accepted previously or 2026-06-17 scratch record passed strict scratch review
T1H_libxml2_doublefree_0006,libxml2,doublefree,xinclude.c,xmlXIncludeParseFile,xinclude-parser-document-null-removal,at or above hardness bar,borderline hard,2026-06-16 baseline accepted previously or 2026-06-17 scratch record passed strict scratch review
T1H_libxml2_doublefree_0007,libxml2,doublefree,xmlreader.c,xmlTextReaderGetRemainder,reader-document-owner-null-removal,at or above hardness bar,borderline hard,2026-06-16 baseline accepted previously or 2026-06-17 scratch record passed strict scratch review
T1H_libxml2_doublefree_0008,libxml2,doublefree,xmlwriter.c,xmlFreeTextWriter,writer-document-owner-null-removal,at or above hardness bar,borderline hard,2026-06-16 baseline accepted previously or 2026-06-17 scratch record passed strict scratch review
T1H_libxml2_intover_0001,libxml2,intover,parser.c,xmlSBufGrow,growth-doubling-overflow-undercheck,at or above hardness bar,borderline hard,2026-06-16 baseline accepted previously or 2026-06-17 scratch record passed strict scratch review
T1H_libxml2_intover_0002,libxml2,intover,parser.c,xmlParserNsPush,namespace-hash-doubling-overflow-undercheck,at or above hardness bar,borderline hard,2026-06-16 baseline accepted previously or 2026-06-17 scratch record passed strict scratch review
T1H_libxml2_intover_0003,libxml2,intover,xmlIO.c,xmlEscapeText,serializer-growth-doubling-overflow-undercheck,at or above hardness bar,borderline hard,2026-06-16 baseline accepted previously or 2026-06-17 scratch record passed strict scratch review
T1H_libxml2_intover_0004,libxml2,intover,xmlregexp.c,xmlRegCalloc2,multiplication-overflow-factor-undercheck,at or above hardness bar,borderline hard,2026-06-16 baseline accepted previously or 2026-06-17 scratch record passed strict scratch review
T1H_libxml2_intover_0005,libxml2,intover,xmlregexp.c,xmlFAParseQuantExact,regexp-quantifier-multiply-overflow-undercheck,at or above hardness bar,borderline hard,2026-06-16 baseline accepted previously or 2026-06-17 scratch record passed strict scratch review
T1H_libxml2_intover_0006,libxml2,intover,xmlstring.c,xmlStrncat,string-append-length-overflow-off-by-one,at or above hardness bar,borderline hard,2026-06-16 baseline accepted previously or 2026-06-17 scratch record passed strict scratch review
T1H_libxml2_spatial_0001,libxml2,spatial,HTMLparser.c,htmlEncodeEntitiesInternal,entity-output-space-undercheck,at or above hardness bar,borderline hard,2026-06-16 baseline accepted previously or 2026-06-17 scratch record passed strict scratch review
T1H_libxml2_spatial_0002,libxml2,spatial,HTMLparser.c,htmlAttrHashInsert,hash-probe-wrap-off-by-one,at or above hardness bar,borderline hard,2026-06-16 baseline accepted previously or 2026-06-17 scratch record passed strict scratch review
T1H_libxml2_spatial_0003,libxml2,spatial,HTMLparser.c,htmlParseStartTag,sentinel-capacity-undercheck,at or above hardness bar,borderline hard,2026-06-16 baseline accepted previously or 2026-06-17 scratch record passed strict scratch review
T1H_libxml2_spatial_0004,libxml2,spatial,HTMLparser.c,htmlCheckComment,incremental-lookahead-off-by-one,at or above hardness bar,borderline hard,2026-06-16 baseline accepted previously or 2026-06-17 scratch record passed strict scratch review
T1H_libxml2_spatial_0005,libxml2,spatial,parser.c,xmlAttrHashInsert,hash-probe-wrap-off-by-one,at or above hardness bar,borderline hard,2026-06-16 baseline accepted previously or 2026-06-17 scratch record passed strict scratch review
T1H_libxml2_spatial_0006,libxml2,spatial,parser.c,xmlAttrHashInsertQName,qname-hash-probe-wrap-off-by-one,at or above hardness bar,borderline hard,2026-06-16 baseline accepted previously or 2026-06-17 scratch record passed strict scratch review
T1H_libxml2_spatial_0007,libxml2,spatial,parser.c,xmlParseStartTag2,attribute-vector-slot-undercheck,at or above hardness bar,borderline hard,2026-06-16 baseline accepted previously or 2026-06-17 scratch record passed strict scratch review
T1H_libxml2_spatial_0008,libxml2,spatial,parser.c,xmlParseStartTag2,default-attribute-vector-slot-undercheck,at or above hardness bar,borderline hard,2026-06-16 baseline accepted previously or 2026-06-17 scratch record passed strict scratch review
T1H_libxml2_typeconf_0001,libxml2,typeconf,xinclude.c,xmlXIncludeBaseFixup,xinclude-basefixup-element-discriminator-weakening,at or above hardness bar,clearly hard enough,2026-06-16 baseline accepted previously or 2026-06-17 scratch record passed strict scratch review
T1H_libxml2_typeconf_0002,libxml2,typeconf,xinclude.c,xmlXIncludeTestNode,xinclude-element-kind-guard-weakening,at or above hardness bar,clearly hard enough,2026-06-16 baseline accepted previously or 2026-06-17 scratch record passed strict scratch review
T1H_libxml2_typeconf_0003,libxml2,typeconf,xinclude.c,xmlXIncludeProcessTreeFlagsData,xinclude-root-kind-confusion,at or above hardness bar,clearly hard enough,2026-06-16 baseline accepted previously or 2026-06-17 scratch record passed strict scratch review
T1H_libxml2_typeconf_0004,libxml2,typeconf,xmlreader.c,xmlTextReaderMoveToNextAttribute,reader-attribute-state-namespace-discriminator-weakening,at or above hardness bar,clearly hard enough,2026-06-16 baseline accepted previously or 2026-06-17 scratch record passed strict scratch review
T1H_libxml2_typeconf_0005,libxml2,typeconf,xpath.c,xmlXPathNodeSetCreate,namespace-pseudonode-discriminator-inversion,at or above hardness bar,clearly hard enough,2026-06-16 baseline accepted previously or 2026-06-17 scratch record passed strict scratch review
T1H_libxml2_typeconf_0006,libxml2,typeconf,xpath.c,xmlXPathNextPrecedingInternal,xpath-axis-namespace-guard-confusion,at or above hardness bar,clearly hard enough,2026-06-16 baseline accepted previously or 2026-06-17 scratch record passed strict scratch review
T1H_libxml2_typeconf_0007,libxml2,typeconf,xpath.c,xmlXPathLocalNameFunction,xpath-name-function-namespace-case-confusion,at or above hardness bar,clearly hard enough,2026-06-16 baseline accepted previously or 2026-06-17 scratch record passed strict scratch review
T1H_libxml2_uaf_0001,libxml2,uaf,HTMLparser.c,htmlCtxtParseContentInternal,returned-child-list-ownership-unlink-removal,at or above hardness bar,clearly hard enough,2026-06-16 baseline accepted previously or 2026-06-17 scratch record passed strict scratch review
T1H_libxml2_uaf_0002,libxml2,uaf,relaxng.c,xmlRelaxNGCleanupDoc,schema-cleanup-free-without-unlink,at or above hardness bar,clearly hard enough,2026-06-16 baseline accepted previously or 2026-06-17 scratch record passed strict scratch review
T1H_libxml2_uaf_0003,libxml2,uaf,relaxng.c,xmlRelaxNGCleanupDoc,schema-final-cleanup-free-without-unlink,at or above hardness bar,clearly hard enough,2026-06-16 baseline accepted previously or 2026-06-17 scratch record passed strict scratch review
T1H_libxml2_uaf_0004,libxml2,uaf,tree.c,xmlInsertNode,text-coalesce-free-without-unlink,at or above hardness bar,clearly hard enough,2026-06-16 baseline accepted previously or 2026-06-17 scratch record passed strict scratch review
T1H_libxml2_uaf_0005,libxml2,uaf,xinclude.c,xmlXIncludeIncludeNode,xinclude-substitution-free-without-detach,at or above hardness bar,clearly hard enough,2026-06-16 baseline accepted previously or 2026-06-17 scratch record passed strict scratch review
T1H_libxml2_uaf_0006,libxml2,uaf,xmlreader.c,xmlTextReaderReadTree,reader-tail-recycle-free-without-unlink,at or above hardness bar,clearly hard enough,2026-06-16 baseline accepted previously or 2026-06-17 scratch record passed strict scratch review
T1H_libxml2_uaf_0007,libxml2,uaf,xmlreader.c,xmlTextReaderRead,reader-recycle-free-without-unlink,at or above hardness bar,clearly hard enough,2026-06-16 baseline accepted previously or 2026-06-17 scratch record passed strict scratch review
T1H_libxml2_uaf_0008,libxml2,uaf,xmlreader.c,xmlTextReaderRead,reader-last-child-free-without-unlink,at or above hardness bar,clearly hard enough,2026-06-16 baseline accepted previously or 2026-06-17 scratch record passed strict scratch review
T1H_libxml2_uaf_0009,libxml2,uaf,xmlschemas.c,xmlSchemaCleanupDoc,schema-cleanup-free-without-unlink,at or above hardness bar,clearly hard enough,2026-06-16 baseline accepted previously or 2026-06-17 scratch record passed strict scratch review
T1H_libxml2_uaf_0010,libxml2,uaf,xmlschemas.c,xmlSchemaCleanupDoc,schema-final-cleanup-free-without-unlink,at or above hardness bar,clearly hard enough,2026-06-16 baseline accepted previously or 2026-06-17 scratch record passed strict scratch review
T1H_lua_alloc_0001,lua,alloc,src/lstring.c,luaS_newlstr,long-string-size-limit-strictness-relaxation,at or above hardness bar,borderline hard,2026-06-16 baseline accepted previously or 2026-06-17 scratch record passed strict scratch review
T1H_lua_alloc_0002,lua,alloc,src/ltable.c,concretesize,table-array-layout-lenhint-allocation-omission,at or above hardness bar,borderline hard,2026-06-16 baseline accepted previously or 2026-06-17 scratch record passed strict scratch review
T1H_lua_alloc_0003,lua,alloc,src/ltable.c,setnodevector,table-hash-lastfree-sidecar-allocation-omission,at or above hardness bar,borderline hard,2026-06-16 baseline accepted previously or 2026-06-17 scratch record passed strict scratch review
T2H_lua_topup_doublefree_0001,lua,doublefree,src/lauxlib.c,luaL_pushresult,buffer-box-external-string-ownership-disarm-omission,at or above hardness bar,borderline hard,2026-06-16 baseline accepted previously or 2026-06-17 scratch record passed strict scratch review
T1H_lua_intover_0001,lua,intover,src/lstrlib.c,str_packsize,packsize-unsigned-accumulator-wrap,at or above hardness bar,borderline hard,2026-06-16 baseline accepted previously or 2026-06-17 scratch record passed strict scratch review
T1H_lua_intover_0002,lua,intover,src/lundump.c,loadVarint,binary-chunk-varint-pre-shift-limit-relaxation,at or above hardness bar,borderline hard,2026-06-16 baseline accepted previously or 2026-06-17 scratch record passed strict scratch review
T1H_lua_intover_0003,lua,intover,src/lvm.c,luaV_concat,concat-total-length-overflow-boundary-off-by-one,at or above hardness bar,borderline hard,2026-06-16 baseline accepted previously or 2026-06-17 scratch record passed strict scratch review
T1H_lua_spatial_0001,lua,spatial,src/lstrlib.c,getnumlimit,struct-format-integral-size-zero-admission,at or above hardness bar,borderline hard,2026-06-16 baseline accepted previously or 2026-06-17 scratch record passed strict scratch review
T1H_lua_spatial_0002,lua,spatial,src/lstrlib.c,str_unpack,struct-unpack-alignment-bound-omission,at or above hardness bar,borderline hard,2026-06-16 baseline accepted previously or 2026-06-17 scratch record passed strict scratch review
T1H_lua_spatial_0003,lua,spatial,src/lstrlib.c,str_unpack,struct-unpack-counted-string-length-field-omission,at or above hardness bar,borderline hard,2026-06-16 baseline accepted previously or 2026-06-17 scratch record passed strict scratch review
T1H_lua_spatial_0004,lua,spatial,src/ltable.c,resizearray,table-array-shrink-copy-size-mismatch,at or above hardness bar,borderline hard,2026-06-16 baseline accepted previously or 2026-06-17 scratch record passed strict scratch review
T1H_lua_uaf_0001,lua,uaf,src/lapi.c,aux_rawset,raw-table-api-write-barrier-omission,at or above hardness bar,clearly hard enough,2026-06-16 baseline accepted previously or 2026-06-17 scratch record passed strict scratch review
T1H_lua_uaf_0002,lua,uaf,src/lapi.c,lua_setiuservalue,userdata-uservalue-write-barrier-omission,at or above hardness bar,clearly hard enough,2026-06-16 baseline accepted previously or 2026-06-17 scratch record passed strict scratch review
T1H_lua_uaf_0003,lua,uaf,src/ldo.c,correctstack,to-be-closed-list-stack-relocation-stale-pointer,at or above hardness bar,clearly hard enough,2026-06-16 baseline accepted previously or 2026-06-17 scratch record passed strict scratch review
T1H_lua_uaf_0004,lua,uaf,src/lfunc.c,newupval,open-upvalue-linked-list-backlink-stale,at or above hardness bar,clearly hard enough,2026-06-16 baseline accepted previously or 2026-06-17 scratch record passed strict scratch review
T1H_lua_uaf_0005,lua,uaf,src/lfunc.c,luaF_closeupval,closed-upvalue-stack-slot-pointer-retained,at or above hardness bar,clearly hard enough,2026-06-16 baseline accepted previously or 2026-06-17 scratch record passed strict scratch review
T1H_lua_uaf_0006,lua,uaf,src/lgc.c,freeobj,short-string-intern-table-unlink-omission,at or above hardness bar,clearly hard enough,2026-06-16 baseline accepted previously or 2026-06-17 scratch record passed strict scratch review
T1H_lua_uaf_0007,lua,uaf,src/lstring.c,internshrstr,short-string-resurrection-color-update-omission,at or above hardness bar,clearly hard enough,2026-06-16 baseline accepted previously or 2026-06-17 scratch record passed strict scratch review
T1H_lua_uaf_0008,lua,uaf,src/lundump.c,loadString,binary-loader-long-string-gc-anchor-reorder,at or above hardness bar,clearly hard enough,2026-06-16 baseline accepted previously or 2026-06-17 scratch record passed strict scratch review
T1H_lua_uaf_0009,lua,uaf,src/lvm.c,pushclosure,closure-upvalue-barrier-omission,at or above hardness bar,clearly hard enough,2026-06-16 baseline accepted previously or 2026-06-17 scratch record passed strict scratch review
T1H_lua_uaf_0010,lua,uaf,src/lvm.c,luaV_execute,setupval-upvalue-write-barrier-omission,at or above hardness bar,clearly hard enough,2026-06-16 baseline accepted previously or 2026-06-17 scratch record passed strict scratch review
T1H_lua_uaf_0011,lua,uaf,src/lvm.c,luaV_execute,newtable-stack-anchor-reorder-after-allocation,at or above hardness bar,clearly hard enough,2026-06-16 baseline accepted previously or 2026-06-17 scratch record passed strict scratch review
T1H_lua_uaf_0012,lua,uaf,src/lvm.c,luaV_execute,setlist-array-write-barrier-omission,at or above hardness bar,clearly hard enough,2026-06-16 baseline accepted previously or 2026-06-17 scratch record passed strict scratch review
T2H_lua_topup_uaf_0001,lua,uaf,src/ldump.c,luaU_dump,dump-string-cache-stack-anchor-omission,at or above hardness bar,clearly hard enough,2026-06-16 baseline accepted previously or 2026-06-17 scratch record passed strict scratch review
T2H_lua_topup_uaf_0002,lua,uaf,src/lparser.c,open_func,parser-constant-cache-stack-anchor-omission,at or above hardness bar,clearly hard enough,2026-06-16 baseline accepted previously or 2026-06-17 scratch record passed strict scratch review
T1H_lua_uninit_0001,lua,uninit,src/ldo.c,luaD_reallocstack,stack-reallocation-extra-segment-init-bound-undercount,at or above hardness bar,borderline hard,2026-06-16 baseline accepted previously or 2026-06-17 scratch record passed strict scratch review
T1H_lua_uninit_0002,lua,uninit,src/ldo.c,luaD_protectedparser,parser-dynamic-label-array-pointer-init-omission,at or above hardness bar,borderline hard,2026-06-16 baseline accepted previously or 2026-06-17 scratch record passed strict scratch review
T1H_lua_uninit_0003,lua,uninit,src/lfunc.c,luaF_newLclosure,lclosure-upvalue-zero-slot-initialization-gap,at or above hardness bar,borderline hard,2026-06-16 baseline accepted previously or 2026-06-17 scratch record passed strict scratch review
T1H_lua_uninit_0004,lua,uninit,src/ltable.c,setnodevector,table-hash-node-zero-initialization-skip,at or above hardness bar,borderline hard,2026-06-16 baseline accepted previously or 2026-06-17 scratch record passed strict scratch review
T1H_lua_uninit_0005,lua,uninit,src/lundump.c,loadConstants,binary-loader-constant-tvalue-prefill-removal,at or above hardness bar,borderline hard,2026-06-16 baseline accepted previously or 2026-06-17 scratch record passed strict scratch review
T1H_lua_uninit_0006,lua,uninit,src/lundump.c,loadProtos,proto-child-pointer-prefill-removal,at or above hardness bar,borderline hard,2026-06-16 baseline accepted previously or 2026-06-17 scratch record passed strict scratch review
T1H_lua_uninit_0007,lua,uninit,src/lundump.c,loadUpvalues,upvalue-name-prefill-removal,at or above hardness bar,borderline hard,2026-06-16 baseline accepted previously or 2026-06-17 scratch record passed strict scratch review
T1H_lua_uninit_0008,lua,uninit,src/lundump.c,loadDebug,locvar-debug-name-prefill-removal,at or above hardness bar,borderline hard,2026-06-16 baseline accepted previously or 2026-06-17 scratch record passed strict scratch review
lz4_1_10_0_hard_alloc_0001,lz4,alloc,lib/lz4frame.c,LZ4F_compressBegin_usingCDict,linked-frame-autoflush-save-dictionary-underalloc,at or above hardness bar,borderline hard,2026-06-16 baseline accepted previously or 2026-06-17 scratch record passed strict scratch review
lz4_1_10_0_hard_alloc_0002,lz4,alloc,lib/lz4frame.c,LZ4F_compressBound_internal,streaming-compress-bound-buffered-prefix-undercount,at or above hardness bar,borderline hard,2026-06-16 baseline accepted previously or 2026-06-17 scratch record passed strict scratch review
lz4_1_10_0_hard_alloc_0003,lz4,alloc,lib/lz4frame.c,LZ4F_compressBound_internal,frame-bound-block-checksum-footer-undercount,at or above hardness bar,borderline hard,2026-06-16 baseline accepted previously or 2026-06-17 scratch record passed strict scratch review
lz4_1_10_0_hard_alloc_0004,lz4,alloc,lib/lz4frame.c,LZ4F_compressBound_internal,frame-bound-content-checksum-footer-undercount,at or above hardness bar,borderline hard,2026-06-16 baseline accepted previously or 2026-06-17 scratch record passed strict scratch review
lz4_1_10_0_hard_alloc_0005,lz4,alloc,lib/lz4frame.c,LZ4F_decompress,linked-frame-tmpout-history-window-underalloc,at or above hardness bar,borderline hard,2026-06-16 baseline accepted previously or 2026-06-17 scratch record passed strict scratch review
lz4_1_10_0_hard_alloc_0006,lz4,alloc,lib/lz4frame.c,LZ4F_decompress,fragmented-compressed-block-checksum-staging-underalloc,at or above hardness bar,borderline hard,2026-06-16 baseline accepted previously or 2026-06-17 scratch record passed strict scratch review
lz4_1_10_0_hard_alloc_0007,lz4,alloc,lib/lz4hc.c,LZ4HC_compress_optimal,hc-optimal-parser-trailing-literal-table-underalloc,at or above hardness bar,borderline hard,2026-06-16 baseline accepted previously or 2026-06-17 scratch record passed strict scratch review
lz4_1_10_0_hard_doublefree_0001,lz4,doublefree,lib/lz4file.c,LZ4F_freeAndNullReadFile,read-file-error-cleanup-handle-nullout-omission,at or above hardness bar,borderline hard,2026-06-16 baseline accepted previously or 2026-06-17 scratch record passed strict scratch review
lz4_1_10_0_hard_doublefree_0002,lz4,doublefree,lib/lz4file.c,LZ4F_freeAndNullWriteFile,write-file-error-cleanup-handle-nullout-omission,at or above hardness bar,borderline hard,2026-06-16 baseline accepted previously or 2026-06-17 scratch record passed strict scratch review
lz4_1_10_0_hard_intover_0001,lz4,intover,lib/lz4frame.c,LZ4F_decompress,direct-output-dictionary-size-int-cast-threshold-relaxation,at or above hardness bar,borderline hard,2026-06-16 baseline accepted previously or 2026-06-17 scratch record passed strict scratch review
lz4_1_10_0_hard_intover_0002,lz4,intover,lib/lz4frame.c,LZ4F_decompress,tmpout-dictionary-size-int-cast-threshold-relaxation,at or above hardness bar,borderline hard,2026-06-16 baseline accepted previously or 2026-06-17 scratch record passed strict scratch review
lz4_1_10_0_hard_intover_0003,lz4,intover,lib/lz4frame.c,LZ4F_decompress,linked-frame-flushout-history-remainder-underflow,at or above hardness bar,borderline hard,2026-06-16 baseline accepted previously or 2026-06-17 scratch record passed strict scratch review
lz4_1_10_0_hard_spatial_0001,lz4,spatial,lib/lz4.c,LZ4_decompress_generic,safe-decode-shortcut-prefix-boundary-mode-confusion,at or above hardness bar,borderline hard,2026-06-16 baseline accepted previously or 2026-06-17 scratch record passed strict scratch review
lz4_1_10_0_hard_spatial_0002,lz4,spatial,lib/lz4.c,LZ4_decompress_generic,external-dictionary-offset-boundary-off-by-one,at or above hardness bar,borderline hard,2026-06-16 baseline accepted previously or 2026-06-17 scratch record passed strict scratch review
lz4_1_10_0_hard_spatial_0003,lz4,spatial,lib/lz4.c,LZ4_saveDict,stream-save-dictionary-size-clamp-inversion,at or above hardness bar,borderline hard,2026-06-16 baseline accepted previously or 2026-06-17 scratch record passed strict scratch review
lz4_1_10_0_hard_spatial_0004,lz4,spatial,lib/lz4frame.c,LZ4F_decompress,linked-frame-tmpout-dictionary-truncation-threshold-relax,at or above hardness bar,borderline hard,2026-06-16 baseline accepted previously or 2026-06-17 scratch record passed strict scratch review
lz4_1_10_0_hard_spatial_0005,lz4,spatial,lib/lz4frame.c,LZ4F_flush,frame-flush-block-checksum-bound-omission,at or above hardness bar,borderline hard,2026-06-16 baseline accepted previously or 2026-06-17 scratch record passed strict scratch review
lz4_1_10_0_hard_spatial_0006,lz4,spatial,lib/lz4frame.c,LZ4F_updateDict,tmpout-withintmp-dictionary-preserve-clamp-inversion,at or above hardness bar,borderline hard,2026-06-16 baseline accepted previously or 2026-06-17 scratch record passed strict scratch review
lz4_1_10_0_hard_spatial_0007,lz4,spatial,lib/lz4frame.c,LZ4F_updateDict,external-dictionary-join-preserve-clamp-inversion,at or above hardness bar,borderline hard,2026-06-16 baseline accepted previously or 2026-06-17 scratch record passed strict scratch review
lz4_1_10_0_hard_spatial_0008,lz4,spatial,lib/lz4hc.c,LZ4HC_protectDictEnd,hc-repeated-pattern-dictionary-tail-off-by-one,at or above hardness bar,borderline hard,2026-06-16 baseline accepted previously or 2026-06-17 scratch record passed strict scratch review
lz4_1_10_0_hard_spatial_0009,lz4,spatial,lib/lz4hc.c,LZ4_saveDictHC,hc-save-dictionary-prefix-clamp-inversion,at or above hardness bar,borderline hard,2026-06-16 baseline accepted previously or 2026-06-17 scratch record passed strict scratch review
lz4_1_10_0_hard_uaf_0001,lz4,uaf,lib/lz4.c,LZ4_setStreamDecode,stream-decode-reset-retains-external-dictionary,at or above hardness bar,clearly hard enough,2026-06-16 baseline accepted previously or 2026-06-17 scratch record passed strict scratch review
lz4_1_10_0_hard_uaf_0002,lz4,uaf,lib/lz4frame.c,LZ4F_decompress,linked-frame-unstable-dst-history-preserve-inversion,at or above hardness bar,clearly hard enough,2026-06-16 baseline accepted previously or 2026-06-17 scratch record passed strict scratch review
lz4_1_10_0_hard_uaf_0003,lz4,uaf,lib/lz4frame.c,LZ4F_resetDecompressionContext,frame-reset-retains-borrowed-linked-dictionary,at or above hardness bar,clearly hard enough,2026-06-16 baseline accepted previously or 2026-06-17 scratch record passed strict scratch review
lz4_1_10_0_hard_uaf_0004,lz4,uaf,lib/lz4hc.c,LZ4_resetStreamHC_fast,hc-fast-reset-retains-attached-dictionary-context,at or above hardness bar,clearly hard enough,2026-06-16 baseline accepted previously or 2026-06-17 scratch record passed strict scratch review
md4c_0_5_3_hard_doublefree_reference_title_owned_flag_0006,md4c,doublefree,src/md4c.c,md_is_link_reference,md4c-reference-title-ownership-flag-duplication,at or above hardness bar,borderline hard,2026-06-16 baseline accepted previously or 2026-06-17 scratch record passed strict scratch review
md4c_0_5_3_hard_spatial_entity_lookup_attribute_exact_entity_0001,md4c,spatial,src/entity.c,entity_cmp,md4c-entity-bsearch-key-length-overread,at or above hardness bar,borderline hard,2026-06-16 baseline accepted previously or 2026-06-17 scratch record passed strict scratch review
md4c_0_5_3_hard_spatial_fenced_code_line_count_extra_record_0003,md4c,spatial,src/md4c.c,md_process_code_block_contents,md4c-fenced-code-skip-count-mismatch-overread,at or above hardness bar,borderline hard,2026-06-16 baseline accepted previously or 2026-06-17 scratch record passed strict scratch review
md4c_0_5_3_hard_spatial_table_row_extra_cell_alignment_0002,md4c,spatial,src/md4c.c,md_process_table_row,md4c-table-row-cell-count-alignment-overread,at or above hardness bar,borderline hard,2026-06-16 baseline accepted previously or 2026-06-17 scratch record passed strict scratch review
md4c_0_5_3_topup_hard_spatial_utf8_four_byte_tail_inclusive_decode_0008,md4c,spatial,src/md4c.c,md_decode_utf8__,md4c-utf8-inline-decoder-four-byte-tail-inclusive-boundary,at or above hardness bar,borderline hard,2026-06-16 baseline accepted previously or 2026-06-17 scratch record passed strict scratch review
md4c_0_5_3_hard_typeconf_code_html_line_record_layout_0004,md4c,typeconf,src/md4c.c,md_add_line_into_current_block,md4c-code-html-block-line-layout-discriminator-mismatch,at or above hardness bar,clearly hard enough,2026-06-16 baseline accepted previously or 2026-06-17 scratch record passed strict scratch review
md4c_0_5_3_hard_uaf_block_bytes_current_block_realloc_0005,md4c,uaf,src/md4c.c,md_push_block_bytes,md4c-block-byte-arena-current-block-realloc-uaf,at or above hardness bar,clearly hard enough,2026-06-16 baseline accepted previously or 2026-06-17 scratch record passed strict scratch review
md4c_0_5_3_hard_uninit_inline_empty_destination_title_fields_0007,md4c,uninit,src/md4c.c,md_is_inline_link_spec,md4c-inline-empty-destination-title-field-uninit,at or above hardness bar,borderline hard,2026-06-16 baseline accepted previously or 2026-06-17 scratch record passed strict scratch review
miniz_3_1_1_hard_alloc_zip_copy_descriptor_slack_loss_0007,miniz,alloc,miniz_zip.c,mz_zip_writer_add_from_zip_reader,miniz-zip-copy-data-descriptor-slack-allocation,at or above hardness bar,borderline hard,2026-06-16 baseline accepted previously or 2026-06-17 scratch record passed strict scratch review
miniz_3_1_1_hard_alloc_zip_heap_extract_compressed_size_0001,miniz,alloc,miniz_zip.c,mz_zip_reader_extract_to_heap,miniz-zip-heap-extract-compressed-size-allocation,at or above hardness bar,borderline hard,2026-06-16 baseline accepted previously or 2026-06-17 scratch record passed strict scratch review
miniz_3_1_1_secondary_topup_hard_alloc_sorted_central_dir_offsets_one_entry_short_0010,miniz,alloc,miniz_zip.c,mz_zip_reader_read_central_dir,miniz-sorted-central-directory-offset-index-one-entry-short,at or above hardness bar,borderline hard,2026-06-16 baseline accepted previously or 2026-06-17 scratch record passed strict scratch review
miniz_3_1_1_hard_doublefree_heap_finalize_buffer_transfer_0002,miniz,doublefree,miniz_zip.c,mz_zip_writer_finalize_heap_archive,miniz-heap-writer-buffer-transfer-detach-loss,at or above hardness bar,borderline hard,2026-06-16 baseline accepted previously or 2026-06-17 scratch record passed strict scratch review
miniz_3_1_1_hard_doublefree_iter_memory_read_buffer_release_0003,miniz,doublefree,miniz_zip.c,mz_zip_reader_extract_iter_free,miniz-memory-zip-iterator-borrowed-read-buffer-free,at or above hardness bar,borderline hard,2026-06-16 baseline accepted previously or 2026-06-17 scratch record passed strict scratch review
miniz_3_1_1_hard_spatial_cdir_sort_prefix_compare_span_0008,miniz,spatial,miniz_zip.c,mz_zip_reader_filename_less,miniz-cdir-sort-prefix-name-compare-overread,at or above hardness bar,borderline hard,2026-06-16 baseline accepted previously or 2026-06-17 scratch record passed strict scratch review
miniz_3_1_1_hard_spatial_iter_stored_remaining_state_0004,miniz,spatial,miniz_zip.c,mz_zip_reader_extract_iter_read,miniz-stored-iterator-remaining-byte-state-stall,at or above hardness bar,borderline hard,2026-06-16 baseline accepted previously or 2026-06-17 scratch record passed strict scratch review
miniz_3_1_1_hard_spatial_tdefl_output_slack_fast_store_0009,miniz,spatial,miniz_tdef.c,tdefl_flush_block,miniz-tdefl-block-output-slack-fast-store-overrun,at or above hardness bar,borderline hard,2026-06-16 baseline accepted previously or 2026-06-17 scratch record passed strict scratch review
miniz_3_1_1_hard_spatial_tinfl_nonwrapping_backref_underflow_0005,miniz,spatial,miniz_tinfl.c,tinfl_decompress,miniz-tinfl-nonwrapping-backreference-underflow,at or above hardness bar,borderline hard,2026-06-16 baseline accepted previously or 2026-06-17 scratch record passed strict scratch review
miniz_3_1_1_hard_uninit_tinfl_dynamic_lengths_underfill_0006,miniz,uninit,miniz_tinfl.c,tinfl_decompress,miniz-tinfl-dynamic-huffman-underfilled-length-state,at or above hardness bar,borderline hard,2026-06-16 baseline accepted previously or 2026-06-17 scratch record passed strict scratch review
mjson_1_2_7_hard_spatial_base64_exact_output_second_byte_0002,mjson,spatial,src/mjson.c,mjson_base64_dec,mjson-base64-quartet-output-capacity-edge,at or above hardness bar,borderline hard,2026-06-16 baseline accepted previously or 2026-06-17 scratch record passed strict scratch review
mjson_1_2_7_hard_spatial_merge_recursive_update_object_old_length_0004,mjson,spatial,src/mjson.c,mjson_merge,mjson-merge-recursive-update-object-length-confusion,at or above hardness bar,borderline hard,2026-06-16 baseline accepted previously or 2026-06-17 scratch record passed strict scratch review
mjson_1_2_7_hard_spatial_merge_replacement_keeps_old_value_length_0003,mjson,spatial,src/mjson.c,mjson_merge,mjson-merge-replacement-value-length-cross-document,at or above hardness bar,borderline hard,2026-06-16 baseline accepted previously or 2026-06-17 scratch record passed strict scratch review
mjson_1_2_7_hard_spatial_printf_double_sign_bound_0001,mjson,spatial,src/mjson.c,mjson_print_dbl,mjson-double-format-sign-offset-buffer-bound,at or above hardness bar,borderline hard,2026-06-16 baseline accepted previously or 2026-06-17 scratch record passed strict scratch review
nanosvg_5cefd98_hard_alloc_gradient_flexible_array_one_stop_short_0002,nanosvg,alloc,src/nanosvg.h,nsvg__createGradient,nanosvg-gradient-flexible-stop-array-one-short,at or above hardness bar,borderline hard,2026-06-16 baseline accepted previously or 2026-06-17 scratch record passed strict scratch review
source_audit_quaternary_hard_nanosvg_doublefree_shape_path_list_transfer_detach_missing_0007,nanosvg,doublefree,src/nanosvg.h,nsvg__addShape,nanosvg-shape-path-list-transfer-detach-missing,at or above hardness bar,borderline hard,2026-06-16 baseline accepted previously or 2026-06-17 scratch record passed strict scratch review
nanosvg_5cefd98_hard_spatial_path_cubic_topology_guard_accepts_short_tail_0003,nanosvg,spatial,src/nanosvg.h,nsvg__addPath,nanosvg-path-cubic-topology-short-tail-accepted,at or above hardness bar,borderline hard,2026-06-16 baseline accepted previously or 2026-06-17 scratch record passed strict scratch review
nanosvg_5cefd98_hard_spatial_raster_duplicate_points_one_growth_missed_0005,nanosvg,spatial,src/nanosvgrast.h,nsvg__duplicatePoints,nanosvg-raster-dashed-stroke-duplicate-buffer-one-growth-gap,at or above hardness bar,borderline hard,2026-06-16 baseline accepted previously or 2026-06-17 scratch record passed strict scratch review
nanosvg_5cefd98_hard_spatial_raster_scanline_reuse_one_width_growth_missed_0006,nanosvg,spatial,src/nanosvgrast.h,nsvgRasterize,nanosvg-raster-scanline-cache-one-width-growth-gap,at or above hardness bar,borderline hard,2026-06-16 baseline accepted previously or 2026-06-17 scratch record passed strict scratch review
nanosvg_5cefd98_hard_spatial_stroke_dash_attr_array_one_past_cap_0004,nanosvg,spatial,src/nanosvg.h,nsvg__parseStrokeDashArray,nanosvg-stroke-dash-parser-array-capacity-one-past,at or above hardness bar,borderline hard,2026-06-16 baseline accepted previously or 2026-06-17 scratch record passed strict scratch review
nanosvg_5cefd98_hard_spatial_xml_attribute_vector_terminator_overrun_0001,nanosvg,spatial,src/nanosvg.h,nsvg__parseElement,nanosvg-xml-attribute-vector-terminator-capacity-overrun,at or above hardness bar,borderline hard,2026-06-16 baseline accepted previously or 2026-06-17 scratch record passed strict scratch review
T1H_oniguruma_alloc_0001,oniguruma,alloc,src/regcomp.c,set_multi_byte_cclass,compiled-cclass-range-table-truncation,at or above hardness bar,borderline hard,2026-06-16 baseline accepted previously or 2026-06-17 scratch record passed strict scratch review
T1H_oniguruma_alloc_0002,oniguruma,alloc,src/regcomp.c,entry_repeat_range,repeat-range-grow-capacity-overclaim,at or above hardness bar,borderline hard,2026-06-16 baseline accepted previously or 2026-06-17 scratch record passed strict scratch review
T1H_oniguruma_alloc_0003,oniguruma,alloc,src/regexec.c,history_tree_add_child,capture-history-tree-initial-child-capacity-underalloc,at or above hardness bar,borderline hard,2026-06-16 baseline accepted previously or 2026-06-17 scratch record passed strict scratch review
T1H_oniguruma_alloc_0004,oniguruma,alloc,src/regexec.c,STACK_INIT,regex-match-stack-pointer-slab-allocation-omission,at or above hardness bar,borderline hard,2026-06-16 baseline accepted previously or 2026-06-17 scratch record passed strict scratch review
T1H_oniguruma_alloc_0005,oniguruma,alloc,src/regexec.c,adjust_match_param,callout-match-param-data-sizeof-factor-loss,at or above hardness bar,borderline hard,2026-06-16 baseline accepted previously or 2026-06-17 scratch record passed strict scratch review
T1H_oniguruma_alloc_0006,oniguruma,alloc,src/regexec.c,onig_regset_new,regset-initial-slot-capacity-overclaim,at or above hardness bar,borderline hard,2026-06-16 baseline accepted previously or 2026-06-17 scratch record passed strict scratch review
T1H_oniguruma_alloc_0007,oniguruma,alloc,src/regparse.c,name_add,duplicate-name-backref-capacity-overclaim,at or above hardness bar,borderline hard,2026-06-16 baseline accepted previously or 2026-06-17 scratch record passed strict scratch review
T1H_oniguruma_alloc_0008,oniguruma,alloc,src/regparse.c,reg_callout_list_entry,callout-list-grow-capacity-overclaim,at or above hardness bar,borderline hard,2026-06-16 baseline accepted previously or 2026-06-17 scratch record passed strict scratch review
T1H_oniguruma_doublefree_0001,oniguruma,doublefree,src/regexec.c,onig_region_copy,region-capture-history-shallow-copy-ownership,at or above hardness bar,borderline hard,2026-06-16 baseline accepted previously or 2026-06-17 scratch record passed strict scratch review
T1H_oniguruma_doublefree_0002,oniguruma,doublefree,src/regexec.c,onig_regset_replace,regset-remove-shift-count-not-decremented,at or above hardness bar,borderline hard,2026-06-16 baseline accepted previously or 2026-06-17 scratch record passed strict scratch review
T1H_oniguruma_doublefree_0003,oniguruma,doublefree,src/regparse.c,onig_node_copy,cclass-node-copy-shared-mbuf-ownership,at or above hardness bar,borderline hard,2026-06-16 baseline accepted previously or 2026-06-17 scratch record passed strict scratch review
T1H_oniguruma_spatial_0001,oniguruma,spatial,src/regparse.c,BB_MOVE_RIGHT,charclass-range-insertion-destination-undergrow,at or above hardness bar,borderline hard,2026-06-16 baseline accepted previously or 2026-06-17 scratch record passed strict scratch review
T1H_oniguruma_spatial_0002,oniguruma,spatial,src/regparse.c,scan_env_add_mem_entry,capture-env-static-dynamic-threshold-off-by-one,at or above hardness bar,borderline hard,2026-06-16 baseline accepted previously or 2026-06-17 scratch record passed strict scratch review
T1H_oniguruma_spatial_0003,oniguruma,spatial,src/regposix.c,onig_posix_regexec,posix-wrapper-capture-vector-copy-cap-mismatch,at or above hardness bar,borderline hard,2026-06-16 baseline accepted previously or 2026-06-17 scratch record passed strict scratch review
T1H_oniguruma_uaf_0001,oniguruma,uaf,src/regcomp.c,ops_make_string_pool,compiled-exact-string-pool-rebase-omission,at or above hardness bar,clearly hard enough,2026-06-16 baseline accepted previously or 2026-06-17 scratch record passed strict scratch review
T1H_oniguruma_uaf_0002,oniguruma,uaf,src/regcomp.c,node_swap,inline-string-node-swap-rebase-loss,at or above hardness bar,clearly hard enough,2026-06-16 baseline accepted previously or 2026-06-17 scratch record passed strict scratch review
T1H_oniguruma_uninit_0001,oniguruma,uninit,src/regparse.c,scan_env_add_mem_entry,capture-env-static-to-dynamic-copy-gap,at or above hardness bar,borderline hard,2026-06-16 baseline accepted previously or 2026-06-17 scratch record passed strict scratch review
T1H_oniguruma_uninit_0002,oniguruma,uninit,src/regparse.c,prs_callout_of_name,named-callout-optional-default-initialization-gap,at or above hardness bar,borderline hard,2026-06-16 baseline accepted previously or 2026-06-17 scratch record passed strict scratch review
parson_1_5_3_hard_doublefree_array_remove_count_retained_0007,parson,doublefree,parson.c,json_array_remove,parson-array-remove-logical-count-retained,at or above hardness bar,borderline hard,2026-06-16 baseline accepted previously or 2026-06-17 scratch record passed strict scratch review
parson_1_5_3_secondary_topup_hard_doublefree_deep_copy_object_key_borrowed_0003,parson,doublefree,parson.c,json_value_deep_copy,parson-deep-copy-object-key-borrowed-ownership-alias,at or above hardness bar,borderline hard,2026-06-16 baseline accepted previously or 2026-06-17 scratch record passed strict scratch review
parson_1_5_3_topup_hard_doublefree_object_add_parent_ownership_not_marked_0002,parson,doublefree,parson.c,json_object_add,parson-object-add-child-parent-ownership-state-missing,at or above hardness bar,borderline hard,2026-06-16 baseline accepted previously or 2026-06-17 scratch record passed strict scratch review
parson_1_5_3_hard_spatial_object_load_factor_item_capacity_0001,parson,spatial,parson.c,json_object_init,parson-object-load-factor-item-capacity-expansion,at or above hardness bar,borderline hard,2026-06-16 baseline accepted previously or 2026-06-17 scratch record passed strict scratch review
parson_1_5_3_topup_hard_spatial_pretty_buffer_guard_uses_compact_size_0001,parson,spatial,parson.c,json_serialize_to_buffer_pretty,parson-pretty-serializer-compact-size-guard-mismatch,at or above hardness bar,borderline hard,2026-06-16 baseline accepted previously or 2026-06-17 scratch record passed strict scratch review
parson_1_5_3_hard_typeconf_object_value_returned_as_array_0002,parson,typeconf,parson.c,json_value_get_array,parson-json-value-object-arm-array-accessor-confusion,at or above hardness bar,clearly hard enough,2026-06-16 baseline accepted previously or 2026-06-17 scratch record passed strict scratch review
parson_1_5_3_hard_uaf_object_clear_hash_cells_keep_freed_names_0005,parson,uaf,parson.c,json_object_clear,parson-object-clear-hash-route-to-freed-names,at or above hardness bar,clearly hard enough,2026-06-16 baseline accepted previously or 2026-06-17 scratch record passed strict scratch review
parson_1_5_3_hard_uaf_object_rehash_frees_transferred_entries_0003,parson,uaf,parson.c,json_object_grow_and_rehash,parson-object-rehash-transferred-entry-ownership-freed,at or above hardness bar,clearly hard enough,2026-06-16 baseline accepted previously or 2026-06-17 scratch record passed strict scratch review
parson_1_5_3_hard_uaf_object_remove_final_probe_cell_retained_0004,parson,uaf,parson.c,json_object_remove_internal,parson-object-remove-final-probe-cell-retained,at or above hardness bar,clearly hard enough,2026-06-16 baseline accepted previously or 2026-06-17 scratch record passed strict scratch review
parson_1_5_3_hard_uaf_object_replace_frees_incoming_value_0006,parson,uaf,parson.c,json_object_set_value,parson-object-replacement-incoming-value-freed,at or above hardness bar,clearly hard enough,2026-06-16 baseline accepted previously or 2026-06-17 scratch record passed strict scratch review
parson_1_5_3_hard_uninit_utf16_surrogate_cursor_gap_0008,parson,uninit,parson.c,parse_utf16,parson-utf16-surrogate-output-cursor-gap,at or above hardness bar,borderline hard,2026-06-16 baseline accepted previously or 2026-06-17 scratch record passed strict scratch review
T1H_pcre2_alloc_0001,pcre2,alloc,src/pcre2_compile.c,parse_regex,named-group-discovery-vector-sizeof-factor-loss,at or above hardness bar,borderline hard,2026-06-16 baseline accepted previously or 2026-06-17 scratch record passed strict scratch review
T1H_pcre2_alloc_0002,pcre2,alloc,src/pcre2_compile.c,pcre2_compile_8/16/32,parsed-pattern-vector-sizeof-factor-loss,at or above hardness bar,borderline hard,2026-06-16 baseline accepted previously or 2026-06-17 scratch record passed strict scratch review
T1H_pcre2_alloc_0003,pcre2,alloc,src/pcre2_compile.c,pcre2_compile_8/16/32,lookbehind-groupinfo-pair-array-off-by-one,at or above hardness bar,borderline hard,2026-06-16 baseline accepted previously or 2026-06-17 scratch record passed strict scratch review
T1H_pcre2_alloc_0004,pcre2,alloc,src/pcre2_compile_cgroup.c,PRIV(compile_parse_scan_substr_args),scan-substring-capture-bitset-off-by-one-allocation,at or above hardness bar,borderline hard,2026-06-16 baseline accepted previously or 2026-06-17 scratch record passed strict scratch review
T1H_pcre2_alloc_0005,pcre2,alloc,src/pcre2_compile_cgroup.c,PRIV(compile_parse_recurse_args),recurse-argument-trailer-sizeof-factor-loss,at or above hardness bar,borderline hard,2026-06-16 baseline accepted previously or 2026-06-17 scratch record passed strict scratch review
T1H_pcre2_alloc_0006,pcre2,alloc,src/pcre2_compile_class.c,PRIV(compile_class_nested),nested-xclass-hoisted-bitmap-length-undercount,at or above hardness bar,borderline hard,2026-06-16 baseline accepted previously or 2026-06-17 scratch record passed strict scratch review
T1H_pcre2_alloc_0007,pcre2,alloc,src/pcre2_compile_class.c,PRIV(compile_class_nested),eclass-map-length-undercount,at or above hardness bar,borderline hard,2026-06-16 baseline accepted previously or 2026-06-17 scratch record passed strict scratch review
T1H_pcre2_alloc_0008,pcre2,alloc,src/pcre2_convert.c,pcre2_pattern_convert,converted-pattern-dry-run-terminator-underallocation,at or above hardness bar,borderline hard,2026-06-16 baseline accepted previously or 2026-06-17 scratch record passed strict scratch review
T1H_pcre2_alloc_0009,pcre2,alloc,src/pcre2_match_data.c,pcre2_match_data_create,public-match-data-ovector-pair-size-factor-loss,at or above hardness bar,borderline hard,2026-06-16 baseline accepted previously or 2026-06-17 scratch record passed strict scratch review
T1H_pcre2_alloc_0010,pcre2,alloc,src/pcre2_substring.c,pcre2_substring_list_get,substring-list-aggregate-terminator-underallocation,at or above hardness bar,borderline hard,2026-06-16 baseline accepted previously or 2026-06-17 scratch record passed strict scratch review
T1H_pcre2_doublefree_0001,pcre2,doublefree,src/pcre2_serialize.c,pcre2_serialize_decode,serialized-shared-table-refcount-undercount,at or above hardness bar,borderline hard,2026-06-16 baseline accepted previously or 2026-06-17 scratch record passed strict scratch review
T1H_pcre2_doublefree_0002,pcre2,doublefree,src/pcre2_substitute.c,pcre2_substitute,substitute-matched-subject-ownership-flag-preserved,at or above hardness bar,borderline hard,2026-06-16 baseline accepted previously or 2026-06-17 scratch record passed strict scratch review
T1H_pcre2_spatial_0001,pcre2,spatial,src/pcre2_auto_possess.c,get_chr_property_list,auto-possess-caseless-clist-stack-bound-off-by-one,at or above hardness bar,borderline hard,2026-06-16 baseline accepted previously or 2026-06-17 scratch record passed strict scratch review
T1H_pcre2_spatial_0002,pcre2,spatial,src/pcre2_dfa_match.c,more_workspace,dfa-recursion-workspace-ovector-capacity-omission,at or above hardness bar,borderline hard,2026-06-16 baseline accepted previously or 2026-06-17 scratch record passed strict scratch review
T1H_pcre2_spatial_0003,pcre2,spatial,src/pcre2_dfa_match.c,pcre2_dfa_match,dfa-restart-state-count-capacity-mismatch,at or above hardness bar,borderline hard,2026-06-16 baseline accepted previously or 2026-06-17 scratch record passed strict scratch review
T1H_pcre2_spatial_0004,pcre2,spatial,src/pcre2_match.c,match,heap-limit-frame-growth-short-tail-admission,at or above hardness bar,borderline hard,2026-06-16 baseline accepted previously or 2026-06-17 scratch record passed strict scratch review
T1H_pcre2_spatial_0005,pcre2,spatial,src/pcre2_serialize.c,pcre2_serialize_decode,serialized-name-table-metadata-conjunction,at or above hardness bar,borderline hard,2026-06-16 baseline accepted previously or 2026-06-17 scratch record passed strict scratch review
T1H_pcre2_spatial_0006,pcre2,spatial,src/pcre2_substitute.c,read_name_subst,replacement-name-helper-boundary-off-by-one,at or above hardness bar,borderline hard,2026-06-16 baseline accepted previously or 2026-06-17 scratch record passed strict scratch review
T1H_pcre2_spatial_0007,pcre2,spatial,src/pcre2posix.c,pcre2_regexec,posix-result-vector-one-past-cap,at or above hardness bar,borderline hard,2026-06-16 baseline accepted previously or 2026-06-17 scratch record passed strict scratch review
T1H_pcre2_uaf_0001,pcre2,uaf,src/pcre2_compile.c,pcre2_code_copy,deserialized-code-copy-table-refcount-skip,at or above hardness bar,clearly hard enough,2026-06-16 baseline accepted previously or 2026-06-17 scratch record passed strict scratch review
T1H_pcre2_uninit_0001,pcre2,uninit,src/pcre2_match.c,pcre2_match,heapframe-ovector-tail-initialization-truncation,at or above hardness bar,borderline hard,2026-06-16 baseline accepted previously or 2026-06-17 scratch record passed strict scratch review
slre_9075c67_hard_spatial_bracket_table_exact_capacity_guard_0002,slre,spatial,slre.c,foo,slre-regex-bracket-table-exact-capacity,at or above hardness bar,borderline hard,2026-06-16 baseline accepted previously or 2026-06-17 scratch record passed strict scratch review
slre_9075c67_hard_spatial_branch_table_exact_capacity_guard_0001,slre,spatial,slre.c,foo,slre-regex-branch-table-exact-capacity,at or above hardness bar,borderline hard,2026-06-16 baseline accepted previously or 2026-06-17 scratch record passed strict scratch review
slre_9075c67_hard_spatial_capture_array_one_short_late_write_0003,slre,spatial,slre.c,foo,slre-capture-output-array-one-group-short,at or above hardness bar,borderline hard,2026-06-16 baseline accepted previously or 2026-06-17 scratch record passed strict scratch review
slre_9075c67_hard_spatial_literal_match_end_guard_inclusive_0004,slre,spatial,slre.c,bar,slre-literal-match-slice-end-inclusive-guard,at or above hardness bar,borderline hard,2026-06-16 baseline accepted previously or 2026-06-17 scratch record passed strict scratch review
stb_latest_hard_alloc_png_interlace_final_sample_stride_0011,stb,alloc,stb_image.h,stbi__create_png_image,stb-png-adam7-final-output-stride-underallocation,at or above hardness bar,borderline hard,2026-06-16 baseline accepted previously or 2026-06-17 scratch record passed strict scratch review
stb_latest_hard_alloc_psd_raw_16bit_output_pixel_stride_0010,stb,alloc,stb_image.h,stbi__psd_load,stb-psd-raw-16bit-output-pixel-stride-underallocation,at or above hardness bar,borderline hard,2026-06-16 baseline accepted previously or 2026-06-17 scratch record passed strict scratch review
stb_latest_hard_alloc_truetype_simple_glyph_contour_vertex_bound_0009,stb,alloc,stb_truetype.h,stbtt__GetGlyphShapeTT,stb-truetype-simple-glyph-contour-closure-underallocation,at or above hardness bar,borderline hard,2026-06-16 baseline accepted previously or 2026-06-17 scratch record passed strict scratch review
stb_latest_hard_spatial_gif_descriptor_single_axis_overrun_0003,stb,spatial,stb_image.h,stbi__gif_load_next,stb-gif-frame-rectangle-axis-combination,at or above hardness bar,borderline hard,2026-06-16 baseline accepted previously or 2026-06-17 scratch record passed strict scratch review
stb_latest_hard_spatial_png_trns_palette_alpha_byte_count_0001,stb,spatial,stb_image.h,stbi__parse_png_file,stb-png-trns-alpha-count-entry-byte-confusion,at or above hardness bar,borderline hard,2026-06-16 baseline accepted previously or 2026-06-17 scratch record passed strict scratch review
stb_latest_hard_spatial_truetype_cff_subr_stack_equal_depth_0008,stb,spatial,stb_truetype.h,stbtt__run_charstring,stb-truetype-cff-subr-return-stack-equal-depth,at or above hardness bar,borderline hard,2026-06-16 baseline accepted previously or 2026-06-17 scratch record passed strict scratch review
stb_latest_hard_spatial_vorbis_floor_masterbook_equal_count_decode_0013,stb,spatial,stb_vorbis.c,start_decoder,stb-vorbis-floor-masterbook-equal-count-decode,at or above hardness bar,borderline hard,2026-06-16 baseline accepted previously or 2026-06-17 scratch record passed strict scratch review
stb_latest_hard_spatial_vorbis_mapping_residue_equal_count_dispatch_0012,stb,spatial,stb_vorbis.c,start_decoder,stb-vorbis-submap-residue-equal-count-dispatch,at or above hardness bar,borderline hard,2026-06-16 baseline accepted previously or 2026-06-17 scratch record passed strict scratch review
stb_latest_hard_spatial_vorbis_mode_mapping_equal_count_0004,stb,spatial,stb_vorbis.c,start_decoder,stb-vorbis-mode-mapping-equal-count-dispatch,at or above hardness bar,borderline hard,2026-06-16 baseline accepted previously or 2026-06-17 scratch record passed strict scratch review
stb_latest_hard_spatial_vorbis_residue_book_equal_count_0006,stb,spatial,stb_vorbis.c,start_decoder,stb-vorbis-residue-book-equal-count-vector,at or above hardness bar,borderline hard,2026-06-16 baseline accepted previously or 2026-06-17 scratch record passed strict scratch review
tomlc99_1_0_hard_doublefree_array_table_child_key_alias_0001,tomlc99,doublefree,toml.c,parse_select,toml-array-table-child-key-aliases-parent-array-key,at or above hardness bar,borderline hard,2026-06-16 baseline accepted previously or 2026-06-17 scratch record passed strict scratch review
tomlc99_1_0_hard_doublefree_implicit_path_key_alias_0001,tomlc99,doublefree,toml.c,walk_tabpath,toml-implicit-table-path-key-borrowed-from-tpath,at or above hardness bar,borderline hard,2026-06-16 baseline accepted previously or 2026-06-17 scratch record passed strict scratch review
tomlc99_1_0_topup_hard_doublefree_implicit_table_promotion_key_reowned_0001,tomlc99,doublefree,toml.c,create_keytable_in_table,toml-implicit-table-promotion-key-reowned-after-free,at or above hardness bar,borderline hard,2026-06-16 baseline accepted previously or 2026-06-17 scratch record passed strict scratch review
tomlc99_1_0_hard_spatial_basic_string_unicode_slack_0001,tomlc99,spatial,toml.c,norm_basic_str,toml-basic-string-unicode-escape-slack-underreserved,at or above hardness bar,borderline hard,2026-06-16 baseline accepted previously or 2026-06-17 scratch record passed strict scratch review
tomlc99_1_0_topup_hard_spatial_timestamp_timezone_colon_buffer_0001,tomlc99,spatial,toml.h,toml_timestamp_t,toml-timestamp-timezone-colon-offset-buffer-underfit,at or above hardness bar,borderline hard,2026-06-16 baseline accepted previously or 2026-06-17 scratch record passed strict scratch review
tomlc99_1_0_hard_typeconf_inline_table_item_member_0001,tomlc99,typeconf,toml.c,create_table_in_array,toml-inline-table-array-item-variant-member-confusion,at or above hardness bar,clearly hard enough,2026-06-16 baseline accepted previously or 2026-06-17 scratch record passed strict scratch review
tomlc99_1_0_topup_hard_typeconf_nested_array_item_member_0001,tomlc99,typeconf,toml.c,create_array_in_array,toml-nested-array-item-table-member-confusion,at or above hardness bar,clearly hard enough,2026-06-16 baseline accepted previously or 2026-06-17 scratch record passed strict scratch review
tomlc99_1_0_hard_uaf_parse_file_array_value_borrow_0001,tomlc99,uaf,toml.c,parse_array,toml-parse-file-array-value-borrowed-from-input-buffer,at or above hardness bar,clearly hard enough,2026-06-16 baseline accepted previously or 2026-06-17 scratch record passed strict scratch review
tomlc99_1_0_topup_hard_uaf_parse_file_table_value_borrow_0001,tomlc99,uaf,toml.c,parse_keyval,toml-parse-file-table-value-borrowed-from-input-buffer,at or above hardness bar,clearly hard enough,2026-06-16 baseline accepted previously or 2026-06-17 scratch record passed strict scratch review
tomlc99_1_0_topup_hard_uaf_timestamp_in_fractional_millisec_rebase_0001,tomlc99,uaf,toml.c,toml_timestamp_in,toml-table-timestamp-millisec-pointer-not-rebased,at or above hardness bar,clearly hard enough,2026-06-16 baseline accepted previously or 2026-06-17 scratch record passed strict scratch review
utf8proc_b3e0f28_hard_alloc_map_reencode_spare_byte_missing_0001,utf8proc,alloc,utf8proc.c,utf8proc_map_custom,utf8proc-map-cross-pass-reencode-spare-byte-missing,at or above hardness bar,borderline hard,2026-06-16 baseline accepted previously or 2026-06-17 scratch record passed strict scratch review
utf8proc_b3e0f28_hard_spatial_composition_table_len_inclusive_probe_0004,utf8proc,spatial,utf8proc.c,utf8proc_normalize_utf32,utf8proc-composition-table-slice-inclusive-probe,at or above hardness bar,borderline hard,2026-06-16 baseline accepted previously or 2026-06-17 scratch record passed strict scratch review
utf8proc_b3e0f28_hard_spatial_decompose_reorder_last_pair_inclusive_0003,utf8proc,spatial,utf8proc.c,utf8proc_decompose_custom,utf8proc-decompose-ordering-last-pair-inclusive-loop,at or above hardness bar,borderline hard,2026-06-16 baseline accepted previously or 2026-06-17 scratch record passed strict scratch review
utf8proc_b3e0f28_hard_spatial_iterate_four_byte_truncated_tail_0002,utf8proc,spatial,utf8proc.c,utf8proc_iterate,utf8proc-iterate-four-byte-tail-inclusive-boundary,at or above hardness bar,borderline hard,2026-06-16 baseline accepted previously or 2026-06-17 scratch record passed strict scratch review
yyjson_0_12_0_tertiary_hard_doublefree_dyn_free_chunk_kept_in_used_list_0009,yyjson,doublefree,src/yyjson.c,dyn_free,yyjson-dyn-allocator-free-list-used-list-dual-ownership,at or above hardness bar,borderline hard,2026-06-16 baseline accepted previously or 2026-06-17 scratch record passed strict scratch review
yyjson_0_12_0_hard_spatial_incr_realloc_kv_pair_padding_0002,yyjson,spatial,src/yyjson.c,yyjson_incr_read,yyjson-incremental-object-kv-realloc-padding-loss,at or above hardness bar,borderline hard,2026-06-16 baseline accepted previously or 2026-06-17 scratch record passed strict scratch review
yyjson_0_12_0_hard_spatial_mut_writer_ctx_reserve_shrink_0008,yyjson,spatial,src/yyjson.c,mut_write_root_minify,yyjson-mut-writer-two-ended-context-reserve-shrink,at or above hardness bar,borderline hard,2026-06-16 baseline accepted previously or 2026-06-17 scratch record passed strict scratch review
yyjson_0_12_0_hard_typeconf_immutable_nested_array_writer_object_dispatch_0005,yyjson,typeconf,src/yyjson.c,write_root_minify,yyjson-immutable-writer-nested-container-discriminator-inversion,at or above hardness bar,clearly hard enough,2026-06-16 baseline accepted previously or 2026-06-17 scratch record passed strict scratch review
yyjson_0_12_0_hard_typeconf_mut_to_imut_object_tail_value_0007,yyjson,typeconf,src/yyjson.c,yyjson_imut_copy,yyjson-mut-to-imut-object-child-start-value-dispatch,at or above hardness bar,clearly hard enough,2026-06-16 baseline accepted previously or 2026-06-17 scratch record passed strict scratch review
yyjson_0_12_0_tertiary_hard_typeconf_obj_put_replacement_successor_old_value_0010,yyjson,typeconf,src/yyjson.h,yyjson_mut_obj_put,yyjson-mut-object-put-replacement-value-successor-confusion,at or above hardness bar,clearly hard enough,2026-06-16 baseline accepted previously or 2026-06-17 scratch record passed strict scratch review
yyjson_0_12_0_tertiary_hard_typeconf_ptr_ctx_append_object_value_successor_current_value_0012,yyjson,typeconf,src/yyjson.h,yyjson_ptr_ctx_append,yyjson-pointer-context-object-append-value-phase-confusion,at or above hardness bar,clearly hard enough,2026-06-16 baseline accepted previously or 2026-06-17 scratch record passed strict scratch review
yyjson_0_12_0_hard_uaf_incr_noninsitu_string_pool_owner_transfer_0001,yyjson,uaf,src/yyjson.c,yyjson_incr_read,yyjson-incremental-doc-string-pool-owner-transfer-loss,at or above hardness bar,clearly hard enough,2026-06-16 baseline accepted previously or 2026-06-17 scratch record passed strict scratch review
yyjson_0_12_0_hard_uninit_pointer_escaped_key_logical_length_0003,yyjson,uninit,src/yyjson.c,ptr_new_key,yyjson-pointer-escaped-key-decoded-length-drift,at or above hardness bar,borderline hard,2026-06-16 baseline accepted previously or 2026-06-17 scratch record passed strict scratch review
yyjson_0_12_0_hard_uninit_ptr_add_middle_array_link_0006,yyjson,uninit,src/yyjson.c,unsafe_yyjson_mut_ptr_putx,yyjson-pointer-middle-array-insert-unlinked-successor,at or above hardness bar,borderline hard,2026-06-16 baseline accepted previously or 2026-06-17 scratch record passed strict scratch review
yyjson_0_12_0_hard_uninit_rename_shorter_key_length_reuse_0004,yyjson,uninit,src/yyjson.h,yyjson_mut_obj_rename_keyn,yyjson-rename-key-copied-buffer-old-length-retag,at or above hardness bar,borderline hard,2026-06-16 baseline accepted previously or 2026-06-17 scratch record passed strict scratch review
yyjson_0_12_0_tertiary_hard_uninit_arr_replace_fresh_value_successor_missing_0011,yyjson,uninit,src/yyjson.h,yyjson_mut_arr_replace,yyjson-mut-array-replace-fresh-value-successor-uninitialized,at or above hardness bar,borderline hard,2026-06-16 baseline accepted previously or 2026-06-17 scratch record passed strict scratch review
zlib_1_3_2_hard_alloc_copy_window_valid_bytes_capacity_0001,zlib,alloc,inflate.c,inflateCopy,inflate-copy-window-valid-byte-count-underallocates-capacity,at or above hardness bar,borderline hard,2026-06-16 baseline accepted previously or 2026-06-17 scratch record passed strict scratch review
zlib_1_3_2_hard_alloc_gzprintf_second_half_staging_buffer_0001,zlib,alloc,gzwrite.c,gz_init,gzprintf-staging-second-half-buffer-underallocated-before-format,at or above hardness bar,borderline hard,2026-06-16 baseline accepted previously or 2026-06-17 scratch record passed strict scratch review
zlib_1_3_2_hard_doublefree_0001,zlib,doublefree,gzlib.c,gz_error,gz-error-message-clear-without-nullout,at or above hardness bar,borderline hard,2026-06-16 baseline accepted previously or 2026-06-17 scratch record passed strict scratch review
zlib_1_3_2_hard_spatial_0001,zlib,spatial,deflate.c,deflate,gzip-header-extra-cursor-reused-for-name,at or above hardness bar,borderline hard,2026-06-16 baseline accepted previously or 2026-06-17 scratch record passed strict scratch review
zlib_1_3_2_hard_spatial_dictionary_end_pointer_rebased_0001,zlib,spatial,inflate.c,inflateSetDictionary,preset-dictionary-start-pointer-used-as-window-end,at or above hardness bar,borderline hard,2026-06-16 baseline accepted previously or 2026-06-17 scratch record passed strict scratch review
zlib_1_3_2_hard_spatial_gz_avail_refill_cursor_not_rebased_0001,zlib,spatial,gzread.c,gz_avail,gzread-refill-compacted-input-cursor-not-rebased,at or above hardness bar,borderline hard,2026-06-16 baseline accepted previously or 2026-06-17 scratch record passed strict scratch review
zlib_1_3_2_hard_spatial_gz_vacate_retry_cursor_not_rebased_0001,zlib,spatial,gzwrite.c,gz_vacate,gzprintf-vacate-memmove-tail-cursor-not-rebased,at or above hardness bar,borderline hard,2026-06-16 baseline accepted previously or 2026-06-17 scratch record passed strict scratch review
zlib_1_3_2_hard_spatial_inftrees_subtable_used_misaccount_0001,zlib,spatial,inftrees.c,inflate_table,huffman-subtable-entry-count-underaccounted-by-bit-width,at or above hardness bar,borderline hard,2026-06-16 baseline accepted previously or 2026-06-17 scratch record passed strict scratch review
zlib_1_3_2_hard_spatial_puff_dynamic_repeat_advertised_count_0001,zlib,spatial,contrib/puff/puff.c,dynamic,puff-dynamic-repeat-crosses-advertised-code-length-count,at or above hardness bar,borderline hard,2026-06-16 baseline accepted previously or 2026-06-17 scratch record passed strict scratch review
zlib_1_3_2_hard_spatial_reset_whave_reuse_window_0001,zlib,spatial,inflate.c,inflateReset,inflate-reset-stale-whave-allows-preoutput-window-copy,at or above hardness bar,borderline hard,2026-06-16 baseline accepted previously or 2026-06-17 scratch record passed strict scratch review
zlib_1_3_2_hard_uaf_0001,zlib,uaf,inflate.c,inflateCopy,inflate-copy-dynamic-code-table-pointer-not-retargeted,at or above hardness bar,clearly hard enough,2026-06-16 baseline accepted previously or 2026-06-17 scratch record passed strict scratch review
zlib_1_3_2_hard_uaf_0002,zlib,uaf,deflate.c,deflateCopy,deflate-copy-tree-descriptor-pointer-not-retargeted,at or above hardness bar,clearly hard enough,2026-06-16 baseline accepted previously or 2026-06-17 scratch record passed strict scratch review
zlib_1_3_2_hard_uninit_blast_first_window_distance_bound_0001,zlib,uninit,contrib/blast/blast.c,decomp,blast-first-window-distance-checked-against-capacity,at or above hardness bar,borderline hard,2026-06-16 baseline accepted previously or 2026-06-17 scratch record passed strict scratch review
zstd_1_5_7_hard_alloc_0001,zstd,alloc,lib/common/fse.h,FSE_BUILD_CTABLE_WORKSPACE_SIZE_U32,fse-ctable-workspace-fast-spread-padding-omission,at or above hardness bar,borderline hard,2026-06-16 baseline accepted previously or 2026-06-17 scratch record passed strict scratch review
zstd_1_5_7_hard_alloc_0002,zstd,alloc,lib/compress/zstdmt_compress.c,ZSTDMT_initCStream_internal,mt-round-buffer-ldm-window-capacity-omission,at or above hardness bar,borderline hard,2026-06-16 baseline accepted previously or 2026-06-17 scratch record passed strict scratch review
zstd_1_5_7_hard_alloc_0003,zstd,alloc,lib/decompress/zstd_decompress.c,ZSTD_DDictHashSet_expand,multi-ddict-hashset-expanded-capacity-overclaim,at or above hardness bar,borderline hard,2026-06-16 baseline accepted previously or 2026-06-17 scratch record passed strict scratch review
zstd_1_5_7_hard_alloc_0004,zstd,alloc,lib/decompress/zstd_decompress.c,ZSTD_decompressStream,stream-buffer-workspace-output-ring-underalloc,at or above hardness bar,borderline hard,2026-06-16 baseline accepted previously or 2026-06-17 scratch record passed strict scratch review
zstd_1_5_7_hard_alloc_0005,zstd,alloc,lib/dictBuilder/cover.c,COVER_checkTotalCompressedSize,cover-validation-compress-bound-cursor-underallocation,at or above hardness bar,borderline hard,2026-06-16 baseline accepted previously or 2026-06-17 scratch record passed strict scratch review
zstd_1_5_7_hard_alloc_0006,zstd,alloc,lib/dictBuilder/fastcover.c,FASTCOVER_tryParameters,fastcover-active-segment-counter-width-underallocation,at or above hardness bar,borderline hard,2026-06-16 baseline accepted previously or 2026-06-17 scratch record passed strict scratch review
zstd_1_5_7_hard_doublefree_0001,zstd,doublefree,lib/compress/zstd_compress.c,ZSTD_clearAllDicts,compression-local-dictionary-owner-record-not-cleared,at or above hardness bar,borderline hard,2026-06-16 baseline accepted previously or 2026-06-17 scratch record passed strict scratch review
zstd_1_5_7_hard_doublefree_0002,zstd,doublefree,lib/decompress/zstd_decompress.c,ZSTD_clearDict,decompression-local-ddict-owner-not-cleared,at or above hardness bar,borderline hard,2026-06-16 baseline accepted previously or 2026-06-17 scratch record passed strict scratch review
zstd_1_5_7_hard_intover_0001,zstd,intover,lib/decompress/huf_decompress.c,HUF_DecompressFastArgs_init,huf-fast-jumptable-fourth-stream-length-wrap,at or above hardness bar,borderline hard,2026-06-16 baseline accepted previously or 2026-06-17 scratch record passed strict scratch review
zstd_1_5_7_hard_intover_0002,zstd,intover,lib/decompress/huf_decompress.c,HUF_decompress4X2_usingDTable_internal_body,huf-4x2-jumptable-fourth-stream-length-wrap,at or above hardness bar,borderline hard,2026-06-16 baseline accepted previously or 2026-06-17 scratch record passed strict scratch review
zstd_1_5_7_hard_spatial_0001,zstd,spatial,lib/compress/huf_compress.c,HUF_writeCTable_wksp,huf-raw-weight-table-odd-symbol-boundary-undercheck,at or above hardness bar,borderline hard,2026-06-16 baseline accepted previously or 2026-06-17 scratch record passed strict scratch review
zstd_1_5_7_hard_spatial_0002,zstd,spatial,lib/compress/zstd_compress_sequences.c,ZSTD_fseBitCost,repeat-fse-table-max-symbol-check-inversion,at or above hardness bar,borderline hard,2026-06-16 baseline accepted previously or 2026-06-17 scratch record passed strict scratch review
zstd_1_5_7_hard_spatial_0003,zstd,spatial,lib/decompress/zstd_decompress_block.c,ZSTD_allocateLiteralsBuffer,in-dst-literal-buffer-trailing-overread-room-omission,at or above hardness bar,borderline hard,2026-06-16 baseline accepted previously or 2026-06-17 scratch record passed strict scratch review
zstd_1_5_7_hard_spatial_0004,zstd,spatial,lib/decompress/zstd_decompress_block.c,ZSTD_checkContinuity,noncontiguous-output-history-end-not-recorded,at or above hardness bar,borderline hard,2026-06-16 baseline accepted previously or 2026-06-17 scratch record passed strict scratch review
zstd_1_5_7_hard_spatial_0005,zstd,spatial,lib/decompress/zstd_decompress_block.c,ZSTD_execSequenceEnd,end-sequence-literal-plus-match-bound-undercheck,at or above hardness bar,borderline hard,2026-06-16 baseline accepted previously or 2026-06-17 scratch record passed strict scratch review
zstd_1_5_7_hard_spatial_0006,zstd,spatial,lib/dictBuilder/fastcover.c,FASTCOVER_selectSegment,fastcover-epoch-cleanup-one-past-dmer-hash,at or above hardness bar,borderline hard,2026-06-16 baseline accepted previously or 2026-06-17 scratch record passed strict scratch review
zstd_1_5_7_hard_uaf_0001,zstd,uaf,lib/compress/zstd_compress.c,ZSTD_CCtx_init_compressStream2,compression-prefix-reference-reused-across-jobs,at or above hardness bar,clearly hard enough,2026-06-16 baseline accepted previously or 2026-06-17 scratch record passed strict scratch review
zstd_1_5_7_hard_uaf_0002,zstd,uaf,lib/decompress/zstd_decompress.c,ZSTD_DCtx_refPrefix_advanced,decompression-prefix-reference-lifetime-extended,at or above hardness bar,clearly hard enough,2026-06-16 baseline accepted previously or 2026-06-17 scratch record passed strict scratch review
zstd_1_5_7_hard_uaf_0003,zstd,uaf,lib/dictBuilder/cover.c,COVER_selectDict,cover-shrunk-dictionary-selection-freed-buffer-return,at or above hardness bar,clearly hard enough,2026-06-16 baseline accepted previously or 2026-06-17 scratch record passed strict scratch review
zstd_1_5_7_hard_uninit_0001,zstd,uninit,lib/decompress/zstd_decompress_block.c,ZSTD_decodeSequence,repeat-offset-zero-normalization-omission,at or above hardness bar,borderline hard,2026-06-16 baseline accepted previously or 2026-06-17 scratch record passed strict scratch review
scratch_20260617_libtiff_doublefree_548da91abe,libtiff,doublefree,libtiff/tif_lerc.c,SetupBuffers,owned-field-clear-drop-cross-lifecycle,at or above hardness bar,borderline hard,2026-06-16 baseline accepted previously or 2026-06-17 scratch record passed strict scratch review
scratch_20260617_libtiff_doublefree_a0344486b2,libtiff,doublefree,libtiff/tif_lerc.c,SetupBuffers,owned-field-clear-drop-cross-lifecycle,at or above hardness bar,borderline hard,2026-06-16 baseline accepted previously or 2026-06-17 scratch record passed strict scratch review
scratch_20260617_libtiff_doublefree_04324aa954,libtiff,doublefree,libtiff/tif_lerc.c,GetLercDataType,owned-field-clear-drop-cross-lifecycle,at or above hardness bar,borderline hard,2026-06-16 baseline accepted previously or 2026-06-17 scratch record passed strict scratch review
scratch_20260617_cjson_spatial_95aa3b7ffd,cjson,spatial,cJSON.c,parse_string,semantic-boundary-guard-deferred-consumer,at or above hardness bar,clearly hard enough,2026-06-16 baseline accepted previously or 2026-06-17 scratch record passed strict scratch review
scratch_20260617_cjson_spatial_ab3fb0ba53,cjson,spatial,cJSON.c,parse_string,semantic-boundary-guard-deferred-consumer,at or above hardness bar,clearly hard enough,2026-06-16 baseline accepted previously or 2026-06-17 scratch record passed strict scratch review
scratch_20260617_cjson_doublefree_664f11a971,cjson,doublefree,cJSON.c,parse_object,ownership-transfer-source-retains-pointer,at or above hardness bar,clearly hard enough,2026-06-16 baseline accepted previously or 2026-06-17 scratch record passed strict scratch review
scratch_20260617_freetype_spatial_e2893d33c9,freetype,spatial,src/type1/t1load.c,parse_charstrings,semantic-boundary-guard-deferred-consumer,at or above hardness bar,clearly hard enough,2026-06-16 baseline accepted previously or 2026-06-17 scratch record passed strict scratch review
scratch_20260617_libtiff_spatial_e395507033,libtiff,spatial,libtiff/tif_dirread.c,ChopUpSingleUncompressedStrip,semantic-boundary-guard-deferred-consumer,at or above hardness bar,clearly hard enough,2026-06-16 baseline accepted previously or 2026-06-17 scratch record passed strict scratch review
scratch_20260617_libtiff_doublefree_5e70b5d1e6,libtiff,doublefree,libtiff/tif_webp.c,TWebPDecode,owned-field-clear-drop-cross-lifecycle,at or above hardness bar,borderline hard,2026-06-16 baseline accepted previously or 2026-06-17 scratch record passed strict scratch review
scratch_20260617_libucl_spatial_d89b638758,libucl,spatial,src/ucl_parser.c,ucl_parse_key,semantic-boundary-guard-deferred-consumer,at or above hardness bar,clearly hard enough,2026-06-16 baseline accepted previously or 2026-06-17 scratch record passed strict scratch review
scratch_20260617_libxml2_spatial_3e5db64584,libxml2,spatial,parser.c,xmlSBufGrow,semantic-boundary-guard-deferred-consumer,at or above hardness bar,clearly hard enough,2026-06-16 baseline accepted previously or 2026-06-17 scratch record passed strict scratch review
scratch_20260617_libxml2_spatial_4e4c35bb48,libxml2,spatial,parser.c,xmlCheckLanguageID,semantic-boundary-guard-deferred-consumer,at or above hardness bar,clearly hard enough,2026-06-16 baseline accepted previously or 2026-06-17 scratch record passed strict scratch review
scratch_20260617_libxml2_spatial_63bf028d1a,libxml2,spatial,parser.c,xmlParseNmtoken,semantic-boundary-guard-deferred-consumer,at or above hardness bar,clearly hard enough,2026-06-16 baseline accepted previously or 2026-06-17 scratch record passed strict scratch review
scratch_20260617_libxml2_spatial_a3c65eb831,libxml2,spatial,parser.c,xmlParseVersionNum,semantic-boundary-guard-deferred-consumer,at or above hardness bar,clearly hard enough,2026-06-16 baseline accepted previously or 2026-06-17 scratch record passed strict scratch review
scratch_20260617_libxml2_spatial_ca3e32e967,libxml2,spatial,parserInternals.c,xmlNextChar,semantic-boundary-guard-deferred-consumer,at or above hardness bar,clearly hard enough,2026-06-16 baseline accepted previously or 2026-06-17 scratch record passed strict scratch review
scratch_20260617_libxml2_uninit_ccc0bda750,libxml2,uninit,parserInternals.c,xmlInitNodeInfoSeq,mode-specific-field-initialization-gap,at or above hardness bar,clearly hard enough,2026-06-16 baseline accepted previously or 2026-06-17 scratch record passed strict scratch review
scratch_20260617_libxml2_doublefree_9610101c01,libxml2,doublefree,xmlschemas.c,xmlSchemaItemListAdd,ownership-transfer-source-retains-pointer,at or above hardness bar,clearly hard enough,2026-06-16 baseline accepted previously or 2026-06-17 scratch record passed strict scratch review
scratch_20260617_oniguruma_spatial_787ba4d1b2,oniguruma,spatial,src/regparse.c,scan_env_set_mem_node,semantic-boundary-guard-deferred-consumer,at or above hardness bar,clearly hard enough,2026-06-16 baseline accepted previously or 2026-06-17 scratch record passed strict scratch review
scratch_20260617_stb_spatial_3d5e568f1c,stb,spatial,stb_image.h,stbi__parse_huffman_block,semantic-boundary-guard-deferred-consumer,at or above hardness bar,clearly hard enough,2026-06-16 baseline accepted previously or 2026-06-17 scratch record passed strict scratch review
scratch_20260617_yyjson_doublefree_8417b21db3,yyjson,doublefree,src/yyjson.c,list,ownership-transfer-source-retains-pointer,at or above hardness bar,clearly hard enough,2026-06-16 baseline accepted previously or 2026-06-17 scratch record passed strict scratch review
scratch_20260617_cgltf_spatial_1680fdb580,cgltf,spatial,cgltf.h,jsmn_parse_primitive,semantic-boundary-guard-deferred-consumer,at or above hardness bar,clearly hard enough,2026-06-16 baseline accepted previously or 2026-06-17 scratch record passed strict scratch review
scratch_20260617_expat_spatial_19845938ab,expat,spatial,lib/xmltok.c,initScan,semantic-boundary-guard-deferred-consumer,at or above hardness bar,clearly hard enough,2026-06-16 baseline accepted previously or 2026-06-17 scratch record passed strict scratch review
scratch_20260617_freetype_spatial_66e6de2c33,freetype,spatial,src/psaux/cffdecode.c,cff_decoder_parse_charstrings,semantic-boundary-guard-deferred-consumer,at or above hardness bar,clearly hard enough,2026-06-16 baseline accepted previously or 2026-06-17 scratch record passed strict scratch review
scratch_20260617_freetype_spatial_f31293ffb5,freetype,spatial,src/truetype/ttgxvar.c,ft_var_readpackedpoints,semantic-boundary-guard-deferred-consumer,at or above hardness bar,clearly hard enough,2026-06-16 baseline accepted previously or 2026-06-17 scratch record passed strict scratch review
scratch_20260617_freetype_spatial_e9a05ad53a,freetype,spatial,src/type1/t1load.c,parse_charstrings,semantic-boundary-guard-deferred-consumer,at or above hardness bar,clearly hard enough,2026-06-16 baseline accepted previously or 2026-06-17 scratch record passed strict scratch review
scratch_20260617_iniparser_spatial_528689f73e,iniparser,spatial,src/dictionary.c,dictionary_unset,semantic-boundary-guard-deferred-consumer,at or above hardness bar,clearly hard enough,2026-06-16 baseline accepted previously or 2026-06-17 scratch record passed strict scratch review
scratch_20260617_iniparser_doublefree_16222ccde8,iniparser,doublefree,src/dictionary.c,dictionary_unset,owned-field-clear-drop-cross-lifecycle,at or above hardness bar,borderline hard,2026-06-16 baseline accepted previously or 2026-06-17 scratch record passed strict scratch review
scratch_20260617_iniparser_doublefree_cf5badc1dc,iniparser,doublefree,src/dictionary.c,dictionary_unset,owned-field-clear-drop-cross-lifecycle,at or above hardness bar,borderline hard,2026-06-16 baseline accepted previously or 2026-06-17 scratch record passed strict scratch review
scratch_20260617_jsmn_spatial_6f3aebdce3,jsmn,spatial,jsmn.h,jsmn_parse_primitive,semantic-boundary-guard-deferred-consumer,at or above hardness bar,clearly hard enough,2026-06-16 baseline accepted previously or 2026-06-17 scratch record passed strict scratch review
scratch_20260617_json_parser_spatial_a1a1e3f6df,json_parser,spatial,json.c,json_parse_ex,semantic-boundary-guard-deferred-consumer,at or above hardness bar,clearly hard enough,2026-06-16 baseline accepted previously or 2026-06-17 scratch record passed strict scratch review
scratch_20260617_libpng_spatial_54aee5514d,libpng,spatial,pngrutil.c,png_decompress_chunk,semantic-boundary-guard-deferred-consumer,at or above hardness bar,clearly hard enough,2026-06-16 baseline accepted previously or 2026-06-17 scratch record passed strict scratch review
scratch_20260617_libpng_doublefree_692042425a,libpng,doublefree,pngset.c,memcpy,owned-field-clear-drop-cross-lifecycle,at or above hardness bar,borderline hard,2026-06-16 baseline accepted previously or 2026-06-17 scratch record passed strict scratch review
scratch_20260617_libtiff_doublefree_621ec2a8a2,libtiff,doublefree,libtiff/tif_dirread.c,_TIFFFetchStrileValue,owned-field-clear-drop-cross-lifecycle,at or above hardness bar,borderline hard,2026-06-16 baseline accepted previously or 2026-06-17 scratch record passed strict scratch review
scratch_20260617_libtiff_doublefree_a2a2dfc62f,libtiff,doublefree,libtiff/tif_dirread.c,_TIFFFetchStrileValue,owned-field-clear-drop-cross-lifecycle,at or above hardness bar,borderline hard,2026-06-16 baseline accepted previously or 2026-06-17 scratch record passed strict scratch review
scratch_20260617_libtiff_doublefree_23352d534d,libtiff,doublefree,libtiff/tif_getimage.c,setupMap,owned-field-clear-drop-cross-lifecycle,at or above hardness bar,borderline hard,2026-06-16 baseline accepted previously or 2026-06-17 scratch record passed strict scratch review
scratch_20260617_libtiff_uninit_6ce2f16068,libtiff,uninit,libtiff/tif_lerc.c,SetupBuffers,mode-specific-field-initialization-gap,at or above hardness bar,clearly hard enough,2026-06-16 baseline accepted previously or 2026-06-17 scratch record passed strict scratch review
scratch_20260617_libtiff_uninit_2d0317771d,libtiff,uninit,libtiff/tif_lerc.c,SetupBuffers,mode-specific-field-initialization-gap,at or above hardness bar,clearly hard enough,2026-06-16 baseline accepted previously or 2026-06-17 scratch record passed strict scratch review
scratch_20260617_libucl_spatial_ae9258a314,libucl,spatial,src/ucl_parser.c,ucl_maybe_parse_number,semantic-boundary-guard-deferred-consumer,at or above hardness bar,clearly hard enough,2026-06-16 baseline accepted previously or 2026-06-17 scratch record passed strict scratch review
scratch_20260617_libxml2_spatial_c282fe7512,libxml2,spatial,HTMLparser.c,htmlValidateUtf8,minimum-length-guard-deferred-read,at or above hardness bar,clearly hard enough,2026-06-16 baseline accepted previously or 2026-06-17 scratch record passed strict scratch review
scratch_20260617_libxml2_spatial_f408af21e9,libxml2,spatial,HTMLparser.c,htmlValidateUtf8,minimum-length-guard-deferred-read,at or above hardness bar,clearly hard enough,2026-06-16 baseline accepted previously or 2026-06-17 scratch record passed strict scratch review
scratch_20260617_libxml2_spatial_c3e7e169da,libxml2,spatial,HTMLparser.c,htmlValidateUtf8,minimum-length-guard-deferred-read,at or above hardness bar,clearly hard enough,2026-06-16 baseline accepted previously or 2026-06-17 scratch record passed strict scratch review
scratch_20260617_libxml2_spatial_c1006a4efe,libxml2,spatial,HTMLparser.c,htmlParseData,semantic-boundary-guard-deferred-consumer,at or above hardness bar,clearly hard enough,2026-06-16 baseline accepted previously or 2026-06-17 scratch record passed strict scratch review
scratch_20260617_libxml2_spatial_1a46522218,libxml2,spatial,HTMLparser.c,htmlParseTryOrFinish,minimum-length-guard-deferred-read,at or above hardness bar,clearly hard enough,2026-06-16 baseline accepted previously or 2026-06-17 scratch record passed strict scratch review
scratch_20260617_libxml2_spatial_d2c49b568e,libxml2,spatial,HTMLparser.c,htmlParseTryOrFinish,minimum-length-guard-deferred-read,at or above hardness bar,clearly hard enough,2026-06-16 baseline accepted previously or 2026-06-17 scratch record passed strict scratch review
scratch_20260617_libxml2_spatial_d472d375b9,libxml2,spatial,buf.c,xmlBufferCreateSize,semantic-boundary-guard-deferred-consumer,at or above hardness bar,clearly hard enough,2026-06-16 baseline accepted previously or 2026-06-17 scratch record passed strict scratch review
scratch_20260617_libxml2_spatial_98d1c2d69d,libxml2,spatial,buf.c,xmlBufferGrow,semantic-boundary-guard-deferred-consumer,at or above hardness bar,clearly hard enough,2026-06-16 baseline accepted previously or 2026-06-17 scratch record passed strict scratch review
scratch_20260617_libxml2_spatial_2f93c3475c,libxml2,spatial,buf.c,xmlBufferAdd,semantic-boundary-guard-deferred-consumer,at or above hardness bar,clearly hard enough,2026-06-16 baseline accepted previously or 2026-06-17 scratch record passed strict scratch review
scratch_20260617_libxml2_spatial_96386c247d,libxml2,spatial,parser.c,xmlSBufAddChar,minimum-length-guard-deferred-read,at or above hardness bar,clearly hard enough,2026-06-16 baseline accepted previously or 2026-06-17 scratch record passed strict scratch review
scratch_20260617_libxml2_spatial_a138f38b05,libxml2,spatial,parser.c,xmlCheckLanguageID,semantic-boundary-guard-deferred-consumer,at or above hardness bar,clearly hard enough,2026-06-16 baseline accepted previously or 2026-06-17 scratch record passed strict scratch review
scratch_20260617_libxml2_spatial_4f26a0b6a7,libxml2,spatial,parser.c,xmlCheckLanguageID,minimum-length-guard-deferred-read,at or above hardness bar,clearly hard enough,2026-06-16 baseline accepted previously or 2026-06-17 scratch record passed strict scratch review
scratch_20260617_libxml2_spatial_26ae5ae31f,libxml2,spatial,parser.c,xmlCheckLanguageID,minimum-length-guard-deferred-read,at or above hardness bar,clearly hard enough,2026-06-16 baseline accepted previously or 2026-06-17 scratch record passed strict scratch review
scratch_20260617_libxml2_spatial_49cb46d44d,libxml2,spatial,parser.c,parsed,semantic-boundary-guard-deferred-consumer,at or above hardness bar,clearly hard enough,2026-06-16 baseline accepted previously or 2026-06-17 scratch record passed strict scratch review
scratch_20260617_libxml2_spatial_e229b87042,libxml2,spatial,parser.c,parsed,semantic-boundary-guard-deferred-consumer,at or above hardness bar,clearly hard enough,2026-06-16 baseline accepted previously or 2026-06-17 scratch record passed strict scratch review
scratch_20260617_libxml2_spatial_2d1f103024,libxml2,spatial,parser.c,parsed,semantic-boundary-guard-deferred-consumer,at or above hardness bar,clearly hard enough,2026-06-16 baseline accepted previously or 2026-06-17 scratch record passed strict scratch review
scratch_20260617_libxml2_spatial_d5d3177a45,libxml2,spatial,parser.c,xmlParseCharDataInternal,minimum-length-guard-deferred-read,at or above hardness bar,clearly hard enough,2026-06-16 baseline accepted previously or 2026-06-17 scratch record passed strict scratch review
scratch_20260617_libxml2_spatial_666e2576db,libxml2,spatial,parser.c,xmlParseCharDataInternal,minimum-length-guard-deferred-read,at or above hardness bar,clearly hard enough,2026-06-16 baseline accepted previously or 2026-06-17 scratch record passed strict scratch review
scratch_20260617_libxml2_spatial_f1a2c4d72c,libxml2,spatial,parser.c,xmlParseCharDataComplex,minimum-length-guard-deferred-read,at or above hardness bar,clearly hard enough,2026-06-16 baseline accepted previously or 2026-06-17 scratch record passed strict scratch review
scratch_20260617_libxml2_uninit_ca5f7c3289,libxml2,uninit,parserInternals.c,xmlInitNodeInfoSeq,mode-specific-field-initialization-gap,at or above hardness bar,clearly hard enough,2026-06-16 baseline accepted previously or 2026-06-17 scratch record passed strict scratch review
scratch_20260617_libxml2_alloc_cf1bd331f7,libxml2,alloc,uri.c,xmlParseUriOrPath,exact-fit-allocation-slack-loss,at or above hardness bar,clearly hard enough,2026-06-16 baseline accepted previously or 2026-06-17 scratch record passed strict scratch review
scratch_20260617_libxml2_doublefree_3290dad91b,libxml2,doublefree,xmlschemas.c,xmlSchemaIDCAddStateObject,ownership-transfer-source-retains-pointer,at or above hardness bar,clearly hard enough,2026-06-16 baseline accepted previously or 2026-06-17 scratch record passed strict scratch review
scratch_20260617_libxml2_doublefree_9bc4fc83e4,libxml2,doublefree,xmlschemas.c,return,ownership-transfer-source-retains-pointer,at or above hardness bar,clearly hard enough,2026-06-16 baseline accepted previously or 2026-06-17 scratch record passed strict scratch review
scratch_20260617_libxml2_doublefree_a297c5796f,libxml2,doublefree,xmlschemas.c,xmlSchemaClearValidCtxt,owned-field-clear-drop-cross-lifecycle,at or above hardness bar,borderline hard,2026-06-16 baseline accepted previously or 2026-06-17 scratch record passed strict scratch review
scratch_20260617_libxml2_doublefree_cb2d7f72c9,libxml2,doublefree,xpath.c,xmlXPathReleaseObject,owned-field-clear-drop-cross-lifecycle,at or above hardness bar,borderline hard,2026-06-16 baseline accepted previously or 2026-06-17 scratch record passed strict scratch review
scratch_20260617_oniguruma_spatial_bc42276d66,oniguruma,spatial,src/regexec.c,onig_scan,semantic-boundary-guard-deferred-consumer,at or above hardness bar,clearly hard enough,2026-06-16 baseline accepted previously or 2026-06-17 scratch record passed strict scratch review
scratch_20260617_yyjson_spatial_7ad1904738,yyjson,spatial,src/yyjson.c,dyn_malloc,semantic-boundary-guard-deferred-consumer,at or above hardness bar,clearly hard enough,2026-06-16 baseline accepted previously or 2026-06-17 scratch record passed strict scratch review
scratch_20260617_yyjson_spatial_f39d027102,yyjson,spatial,src/yyjson.c,dyn_realloc,semantic-boundary-guard-deferred-consumer,at or above hardness bar,clearly hard enough,2026-06-16 baseline accepted previously or 2026-06-17 scratch record passed strict scratch review
scratch_20260617_yyjson_spatial_89316d296e,yyjson,spatial,src/yyjson.c,dyn_free,semantic-boundary-guard-deferred-consumer,at or above hardness bar,clearly hard enough,2026-06-16 baseline accepted previously or 2026-06-17 scratch record passed strict scratch review
scratch_20260617_zstd_spatial_b9b44370c1,zstd,spatial,lib/compress/huf_compress.c,last,semantic-boundary-guard-deferred-consumer,at or above hardness bar,clearly hard enough,2026-06-16 baseline accepted previously or 2026-06-17 scratch record passed strict scratch review
scratch_20260617_cgltf_intover_07c26ee370,cgltf,intover,cgltf.h,cgltf_parse_json_extras,narrowed-size-state-for-later-sink,at or above hardness bar,clearly hard enough,2026-06-16 baseline accepted previously or 2026-06-17 scratch record passed strict scratch review
scratch_20260617_cgltf_spatial_456f66c242,cgltf,spatial,cgltf.h,jsmn_parse_string,semantic-boundary-guard-deferred-consumer,at or above hardness bar,clearly hard enough,2026-06-16 baseline accepted previously or 2026-06-17 scratch record passed strict scratch review
scratch_20260617_expat_uninit_742f9834e6,expat,uninit,lib/xmlparse.c,parserInit,mode-specific-field-initialization-gap,at or above hardness bar,clearly hard enough,2026-06-16 baseline accepted previously or 2026-06-17 scratch record passed strict scratch review
scratch_20260617_expat_uninit_d363fd2844,expat,uninit,lib/xmlparse.c,parserInit,mode-specific-field-initialization-gap,at or above hardness bar,clearly hard enough,2026-06-16 baseline accepted previously or 2026-06-17 scratch record passed strict scratch review
scratch_20260617_expat_uninit_8bfd75511c,expat,uninit,lib/xmlparse.c,parserInit,mode-specific-field-initialization-gap,at or above hardness bar,clearly hard enough,2026-06-16 baseline accepted previously or 2026-06-17 scratch record passed strict scratch review
scratch_20260617_expat_uninit_2b00ef666e,expat,uninit,lib/xmlparse.c,parserInit,mode-specific-field-initialization-gap,at or above hardness bar,clearly hard enough,2026-06-16 baseline accepted previously or 2026-06-17 scratch record passed strict scratch review
scratch_20260617_expat_uninit_c8dedd29bc,expat,uninit,lib/xmlparse.c,parserInit,mode-specific-field-initialization-gap,at or above hardness bar,clearly hard enough,2026-06-16 baseline accepted previously or 2026-06-17 scratch record passed strict scratch review
scratch_20260617_expat_uninit_b445691079,expat,uninit,lib/xmlparse.c,parserInit,mode-specific-field-initialization-gap,at or above hardness bar,clearly hard enough,2026-06-16 baseline accepted previously or 2026-06-17 scratch record passed strict scratch review
scratch_20260617_expat_uninit_566013d9bb,expat,uninit,lib/xmlparse.c,parserInit,mode-specific-field-initialization-gap,at or above hardness bar,clearly hard enough,2026-06-16 baseline accepted previously or 2026-06-17 scratch record passed strict scratch review
scratch_20260617_expat_uninit_d1f1c81688,expat,uninit,lib/xmlparse.c,parserInit,mode-specific-field-initialization-gap,at or above hardness bar,clearly hard enough,2026-06-16 baseline accepted previously or 2026-06-17 scratch record passed strict scratch review
scratch_20260617_expat_doublefree_0babf9b629,expat,doublefree,xmlwf/xmlwf.c,cleanupUserData,owned-field-clear-drop-cross-lifecycle,at or above hardness bar,borderline hard,2026-06-16 baseline accepted previously or 2026-06-17 scratch record passed strict scratch review
scratch_20260617_expat_doublefree_0543ae7435,expat,doublefree,xmlwf/xmlwf.c,endDoctypeDecl,owned-field-clear-drop-cross-lifecycle,at or above hardness bar,borderline hard,2026-06-16 baseline accepted previously or 2026-06-17 scratch record passed strict scratch review
scratch_20260617_freetype_spatial_cef1962c76,freetype,spatial,src/base/ftstream.c,FT_Stream_ReadAt,semantic-boundary-guard-deferred-consumer,at or above hardness bar,clearly hard enough,2026-06-16 baseline accepted previously or 2026-06-17 scratch record passed strict scratch review
scratch_20260617_freetype_spatial_90b3a44dc0,freetype,spatial,src/base/ftstream.c,FT_BASE_DEF,semantic-boundary-guard-deferred-consumer,at or above hardness bar,clearly hard enough,2026-06-16 baseline accepted previously or 2026-06-17 scratch record passed strict scratch review
scratch_20260617_freetype_spatial_b2f6a234bb,freetype,spatial,src/bdf/bdflib.c,bdf_readstream_,semantic-boundary-guard-deferred-consumer,at or above hardness bar,clearly hard enough,2026-06-16 baseline accepted previously or 2026-06-17 scratch record passed strict scratch review
scratch_20260617_freetype_spatial_a7c1ba7f27,freetype,spatial,src/bdf/bdflib.c,bdf_readstream_,semantic-boundary-guard-deferred-consumer,at or above hardness bar,clearly hard enough,2026-06-16 baseline accepted previously or 2026-06-17 scratch record passed strict scratch review
scratch_20260617_freetype_spatial_f87570774b,freetype,spatial,src/cff/cffparse.c,cff_parse_integer,semantic-boundary-guard-deferred-consumer,at or above hardness bar,clearly hard enough,2026-06-16 baseline accepted previously or 2026-06-17 scratch record passed strict scratch review
scratch_20260617_freetype_spatial_89c01145dd,freetype,spatial,src/cff/cffparse.c,cff_parse_integer,semantic-boundary-guard-deferred-consumer,at or above hardness bar,clearly hard enough,2026-06-16 baseline accepted previously or 2026-06-17 scratch record passed strict scratch review
scratch_20260617_freetype_spatial_23971bdeb7,freetype,spatial,src/cff/cffparse.c,cff_parse_integer,semantic-boundary-guard-deferred-consumer,at or above hardness bar,clearly hard enough,2026-06-16 baseline accepted previously or 2026-06-17 scratch record passed strict scratch review
scratch_20260617_freetype_spatial_3a5968fb38,freetype,spatial,src/cff/cffparse.c,cff_parse_real,semantic-boundary-guard-deferred-consumer,at or above hardness bar,clearly hard enough,2026-06-16 baseline accepted previously or 2026-06-17 scratch record passed strict scratch review
scratch_20260617_freetype_spatial_9b5a9ad2ac,freetype,spatial,src/cff/cffparse.c,cff_parse_real,semantic-boundary-guard-deferred-consumer,at or above hardness bar,clearly hard enough,2026-06-16 baseline accepted previously or 2026-06-17 scratch record passed strict scratch review
scratch_20260617_freetype_spatial_94b5b809ff,freetype,spatial,src/cff/cffparse.c,CFF_FIELD_DELTA_KIND,semantic-boundary-guard-deferred-consumer,at or above hardness bar,clearly hard enough,2026-06-16 baseline accepted previously or 2026-06-17 scratch record passed strict scratch review
scratch_20260617_freetype_spatial_1936425411,freetype,spatial,src/pcf/pcfread.c,pcf_read_TOC,minimum-length-guard-deferred-read,at or above hardness bar,clearly hard enough,2026-06-16 baseline accepted previously or 2026-06-17 scratch record passed strict scratch review
scratch_20260617_freetype_spatial_39a3f5b3eb,freetype,spatial,src/pfr/pfrgload.c,pfr_glyph_start,semantic-boundary-guard-deferred-consumer,at or above hardness bar,clearly hard enough,2026-06-16 baseline accepted previously or 2026-06-17 scratch record passed strict scratch review
scratch_20260617_freetype_spatial_45163787a2,freetype,spatial,src/pfr/pfrsbit.c,pfr_bitwriter_decode_rle1,semantic-boundary-guard-deferred-consumer,at or above hardness bar,clearly hard enough,2026-06-16 baseline accepted previously or 2026-06-17 scratch record passed strict scratch review
scratch_20260617_freetype_spatial_e8a2692d1f,freetype,spatial,src/pfr/pfrsbit.c,pfr_bitwriter_decode_rle2,semantic-boundary-guard-deferred-consumer,at or above hardness bar,clearly hard enough,2026-06-16 baseline accepted previously or 2026-06-17 scratch record passed strict scratch review
scratch_20260617_freetype_spatial_4ba35f9722,freetype,spatial,src/psaux/psconv.c,PS_Conv_ASCIIHexDecode,semantic-boundary-guard-deferred-consumer,at or above hardness bar,clearly hard enough,2026-06-16 baseline accepted previously or 2026-06-17 scratch record passed strict scratch review
scratch_20260617_freetype_spatial_2bff1e4b65,freetype,spatial,src/psaux/psft.c,cf2_getBlueMetrics,semantic-boundary-guard-deferred-consumer,at or above hardness bar,clearly hard enough,2026-06-16 baseline accepted previously or 2026-06-17 scratch record passed strict scratch review
scratch_20260617_freetype_spatial_77ff01b780,freetype,spatial,src/psaux/psintrp.c,cvi,semantic-boundary-guard-deferred-consumer,at or above hardness bar,clearly hard enough,2026-06-16 baseline accepted previously or 2026-06-17 scratch record passed strict scratch review
scratch_20260617_freetype_alloc_846d0683d9,freetype,alloc,src/type1/t1load.c,parse_blend_axis_types,exact-fit-allocation-slack-loss,at or above hardness bar,clearly hard enough,2026-06-16 baseline accepted previously or 2026-06-17 scratch record passed strict scratch review
scratch_20260617_frozen_spatial_bc6cbb35b4,frozen,spatial,frozen.c,json_printer_buf,semantic-boundary-guard-deferred-consumer,at or above hardness bar,clearly hard enough,2026-06-16 baseline accepted previously or 2026-06-17 scratch record passed strict scratch review
scratch_20260617_frozen_spatial_78c8390480,frozen,spatial,frozen.c,f,semantic-boundary-guard-deferred-consumer,at or above hardness bar,clearly hard enough,2026-06-16 baseline accepted previously or 2026-06-17 scratch record passed strict scratch review
scratch_20260617_heatshrink_spatial_ac0b4263b6,heatshrink,spatial,heatshrink.c,handle_read,semantic-boundary-guard-deferred-consumer,at or above hardness bar,clearly hard enough,2026-06-16 baseline accepted previously or 2026-06-17 scratch record passed strict scratch review
scratch_20260617_jsmn_spatial_3ff406404e,jsmn,spatial,jsmn.h,jsmn_parse_string,semantic-boundary-guard-deferred-consumer,at or above hardness bar,clearly hard enough,2026-06-16 baseline accepted previously or 2026-06-17 scratch record passed strict scratch review
scratch_20260617_json_c_spatial_db5046c2d3,json-c,spatial,arraylist.c,array_list_get_idx,semantic-boundary-guard-deferred-consumer,at or above hardness bar,clearly hard enough,2026-06-16 baseline accepted previously or 2026-06-17 scratch record passed strict scratch review
scratch_20260617_json_c_spatial_675e3e0060,json-c,spatial,arraylist.c,array_list_shrink,semantic-boundary-guard-deferred-consumer,at or above hardness bar,clearly hard enough,2026-06-16 baseline accepted previously or 2026-06-17 scratch record passed strict scratch review
scratch_20260617_json_c_spatial_8202834e8d,json-c,spatial,arraylist.c,array_list_insert_idx,semantic-boundary-guard-deferred-consumer,at or above hardness bar,clearly hard enough,2026-06-16 baseline accepted previously or 2026-06-17 scratch record passed strict scratch review
scratch_20260617_json_c_spatial_2675348db7,json-c,spatial,arraylist.c,array_list_del_idx,semantic-boundary-guard-deferred-consumer,at or above hardness bar,clearly hard enough,2026-06-16 baseline accepted previously or 2026-06-17 scratch record passed strict scratch review
scratch_20260617_json_c_spatial_4a1f2db2a2,json-c,spatial,json_pointer.c,json_pointer_get_single_path,semantic-boundary-guard-deferred-consumer,at or above hardness bar,clearly hard enough,2026-06-16 baseline accepted previously or 2026-06-17 scratch record passed strict scratch review
scratch_20260617_json_c_spatial_0d80a6b0ed,json-c,spatial,linkhash.c,lh_table_insert_w_hash,semantic-boundary-guard-deferred-consumer,at or above hardness bar,clearly hard enough,2026-06-16 baseline accepted previously or 2026-06-17 scratch record passed strict scratch review
scratch_20260617_json_c_spatial_028bed3710,json-c,spatial,printbuf.c,printbuf_extend,semantic-boundary-guard-deferred-consumer,at or above hardness bar,clearly hard enough,2026-06-16 baseline accepted previously or 2026-06-17 scratch record passed strict scratch review
scratch_20260617_libpng_doublefree_cc3fe08574,libpng,doublefree,png.c,png_free_data,owned-field-clear-drop-cross-lifecycle,at or above hardness bar,borderline hard,2026-06-16 baseline accepted previously or 2026-06-17 scratch record passed strict scratch review
scratch_20260617_libpng_doublefree_247f27d736,libpng,doublefree,png.c,png_free_data,owned-field-clear-drop-cross-lifecycle,at or above hardness bar,borderline hard,2026-06-16 baseline accepted previously or 2026-06-17 scratch record passed strict scratch review
scratch_20260617_libpng_doublefree_654ce02b28,libpng,doublefree,png.c,png_free_data,owned-field-clear-drop-cross-lifecycle,at or above hardness bar,borderline hard,2026-06-16 baseline accepted previously or 2026-06-17 scratch record passed strict scratch review
scratch_20260617_libpng_doublefree_c4b14eb049,libpng,doublefree,png.c,png_free_data,owned-field-clear-drop-cross-lifecycle,at or above hardness bar,borderline hard,2026-06-16 baseline accepted previously or 2026-06-17 scratch record passed strict scratch review
scratch_20260617_libpng_doublefree_0c61b5b756,libpng,doublefree,png.c,png_destroy_gamma_table,owned-field-clear-drop-cross-lifecycle,at or above hardness bar,borderline hard,2026-06-16 baseline accepted previously or 2026-06-17 scratch record passed strict scratch review
scratch_20260617_libpng_doublefree_ac408b7df4,libpng,doublefree,png.c,png_destroy_gamma_table,owned-field-clear-drop-cross-lifecycle,at or above hardness bar,borderline hard,2026-06-16 baseline accepted previously or 2026-06-17 scratch record passed strict scratch review
scratch_20260617_libpng_doublefree_2df930e80f,libpng,doublefree,png.c,png_destroy_gamma_table,owned-field-clear-drop-cross-lifecycle,at or above hardness bar,borderline hard,2026-06-16 baseline accepted previously or 2026-06-17 scratch record passed strict scratch review
scratch_20260617_libpng_doublefree_3a58ff5529,libpng,doublefree,png.c,png_destroy_gamma_table,owned-field-clear-drop-cross-lifecycle,at or above hardness bar,borderline hard,2026-06-16 baseline accepted previously or 2026-06-17 scratch record passed strict scratch review
scratch_20260617_libpng_doublefree_a0862ab09d,libpng,doublefree,png.c,png_destroy_gamma_table,owned-field-clear-drop-cross-lifecycle,at or above hardness bar,borderline hard,2026-06-16 baseline accepted previously or 2026-06-17 scratch record passed strict scratch review
scratch_20260617_libpng_spatial_9617597353,libpng,spatial,pngread.c,png_image_memory_read,semantic-boundary-guard-deferred-consumer,at or above hardness bar,clearly hard enough,2026-06-16 baseline accepted previously or 2026-06-17 scratch record passed strict scratch review
scratch_20260617_libpng_doublefree_e342f9e4a3,libpng,doublefree,pngset.c,png_set_sCAL_s,owned-field-clear-drop-cross-lifecycle,at or above hardness bar,borderline hard,2026-06-16 baseline accepted previously or 2026-06-17 scratch record passed strict scratch review
scratch_20260617_libtiff_doublefree_0e9ee23180,libtiff,doublefree,libtiff/tif_dir.c,setExtraSamples,owned-field-clear-drop-cross-lifecycle,at or above hardness bar,borderline hard,2026-06-16 baseline accepted previously or 2026-06-17 scratch record passed strict scratch review
scratch_20260617_libtiff_doublefree_ed78208ca5,libtiff,doublefree,libtiff/tif_dir.c,_TIFFVSetField,owned-field-clear-drop-cross-lifecycle,at or above hardness bar,borderline hard,2026-06-16 baseline accepted previously or 2026-06-17 scratch record passed strict scratch review
scratch_20260617_libtiff_doublefree_2be9842b5e,libtiff,doublefree,libtiff/tif_dir.c,return,owned-field-clear-drop-cross-lifecycle,at or above hardness bar,borderline hard,2026-06-16 baseline accepted previously or 2026-06-17 scratch record passed strict scratch review
scratch_20260617_libtiff_doublefree_980bb0db5f,libtiff,doublefree,libtiff/tif_getimage.c,TIFFRGBAImageEnd,owned-field-clear-drop-cross-lifecycle,at or above hardness bar,borderline hard,2026-06-16 baseline accepted previously or 2026-06-17 scratch record passed strict scratch review
scratch_20260617_libtiff_doublefree_3811a6cb9c,libtiff,doublefree,libtiff/tif_getimage.c,TIFFRGBAImageEnd,owned-field-clear-drop-cross-lifecycle,at or above hardness bar,borderline hard,2026-06-16 baseline accepted previously or 2026-06-17 scratch record passed strict scratch review
scratch_20260617_libtiff_doublefree_281c08526c,libtiff,doublefree,libtiff/tif_getimage.c,TIFFRGBAImageEnd,owned-field-clear-drop-cross-lifecycle,at or above hardness bar,borderline hard,2026-06-16 baseline accepted previously or 2026-06-17 scratch record passed strict scratch review
scratch_20260617_libtiff_doublefree_e9a5bc8b8f,libtiff,doublefree,libtiff/tif_getimage.c,TIFFRGBAImageEnd,owned-field-clear-drop-cross-lifecycle,at or above hardness bar,borderline hard,2026-06-16 baseline accepted previously or 2026-06-17 scratch record passed strict scratch review
scratch_20260617_libtiff_doublefree_546df50af3,libtiff,doublefree,libtiff/tif_getimage.c,TIFFRGBAImageEnd,owned-field-clear-drop-cross-lifecycle,at or above hardness bar,borderline hard,2026-06-16 baseline accepted previously or 2026-06-17 scratch record passed strict scratch review
scratch_20260617_libtiff_doublefree_903e6fb743,libtiff,doublefree,libtiff/tif_getimage.c,TIFFRGBAImageEnd,owned-field-clear-drop-cross-lifecycle,at or above hardness bar,borderline hard,2026-06-16 baseline accepted previously or 2026-06-17 scratch record passed strict scratch review
scratch_20260617_libtiff_doublefree_f6e3eb4435,libtiff,doublefree,libtiff/tif_getimage.c,TIFFRGBAImageEnd,owned-field-clear-drop-cross-lifecycle,at or above hardness bar,borderline hard,2026-06-16 baseline accepted previously or 2026-06-17 scratch record passed strict scratch review
scratch_20260617_libtiff_doublefree_3409d4abb1,libtiff,doublefree,libtiff/tif_jpeg.c,JPEGCleanup,owned-field-clear-drop-cross-lifecycle,at or above hardness bar,borderline hard,2026-06-16 baseline accepted previously or 2026-06-17 scratch record passed strict scratch review
scratch_20260617_libtiff_uninit_6fc1162b76,libtiff,uninit,libtiff/tif_read.c,TIFFReadAndRealloc,mode-specific-field-initialization-gap,at or above hardness bar,clearly hard enough,2026-06-16 baseline accepted previously or 2026-06-17 scratch record passed strict scratch review
scratch_20260617_libtiff_spatial_ea99d9db13,libtiff,spatial,libtiff/tif_read.c,TIFFReadEncodedStrip,semantic-boundary-guard-deferred-consumer,at or above hardness bar,clearly hard enough,2026-06-16 baseline accepted previously or 2026-06-17 scratch record passed strict scratch review
scratch_20260617_libtiff_spatial_d598fe2f57,libtiff,spatial,libtiff/tif_read.c,TIFFReadEncodedTile,semantic-boundary-guard-deferred-consumer,at or above hardness bar,clearly hard enough,2026-06-16 baseline accepted previously or 2026-06-17 scratch record passed strict scratch review
scratch_20260617_libxml2_intover_96233d857d,libxml2,intover,HTMLtree.c,htmlParseMetaEncoding,narrowed-size-state-for-later-sink,at or above hardness bar,clearly hard enough,2026-06-16 baseline accepted previously or 2026-06-17 scratch record passed strict scratch review
scratch_20260617_libxml2_intover_7e9a7fb424,libxml2,intover,HTMLtree.c,htmlParseMetaEncoding,narrowed-size-state-for-later-sink,at or above hardness bar,clearly hard enough,2026-06-16 baseline accepted previously or 2026-06-17 scratch record passed strict scratch review
scratch_20260617_libxml2_alloc_611d1db6ce,libxml2,alloc,HTMLtree.c,htmlUpdateMetaEncoding,exact-fit-allocation-slack-loss,at or above hardness bar,clearly hard enough,2026-06-16 baseline accepted previously or 2026-06-17 scratch record passed strict scratch review
scratch_20260617_libxml2_uninit_d8ff2c62d7,libxml2,uninit,parser.c,xmlSBufInit,mode-specific-field-initialization-gap,at or above hardness bar,clearly hard enough,2026-06-16 baseline accepted previously or 2026-06-17 scratch record passed strict scratch review
scratch_20260617_libxml2_uninit_ad56407a8c,libxml2,uninit,parser.c,xmlSBufInit,mode-specific-field-initialization-gap,at or above hardness bar,clearly hard enough,2026-06-16 baseline accepted previously or 2026-06-17 scratch record passed strict scratch review
scratch_20260617_libxml2_uninit_88a8d410e7,libxml2,uninit,parser.c,xmlSBufInit,mode-specific-field-initialization-gap,at or above hardness bar,clearly hard enough,2026-06-16 baseline accepted previously or 2026-06-17 scratch record passed strict scratch review
scratch_20260617_libxml2_doublefree_b9fadbdfdb,libxml2,doublefree,parser.c,xmlCtxtReset,owned-field-clear-drop-cross-lifecycle,at or above hardness bar,borderline hard,2026-06-16 baseline accepted previously or 2026-06-17 scratch record passed strict scratch review
scratch_20260617_libxml2_doublefree_0d3adab4db,libxml2,doublefree,python/libxml.c,libxml_xmlNodeRemoveNsDef,ownership-transfer-source-retains-pointer,at or above hardness bar,clearly hard enough,2026-06-16 baseline accepted previously or 2026-06-17 scratch record passed strict scratch review
scratch_20260617_libxml2_doublefree_18f78b05f0,libxml2,doublefree,relaxng.c,xmlRelaxNGValidErrorPop,owned-field-clear-drop-cross-lifecycle,at or above hardness bar,borderline hard,2026-06-16 baseline accepted previously or 2026-06-17 scratch record passed strict scratch review
scratch_20260617_libxml2_doublefree_6aeb4858f9,libxml2,doublefree,relaxng.c,xmlRelaxNGValidErrorPop,owned-field-clear-drop-cross-lifecycle,at or above hardness bar,borderline hard,2026-06-16 baseline accepted previously or 2026-06-17 scratch record passed strict scratch review
scratch_20260617_libxml2_doublefree_a9953ad9b9,libxml2,doublefree,relaxng.c,xmlRelaxNGPopErrors,owned-field-clear-drop-cross-lifecycle,at or above hardness bar,borderline hard,2026-06-16 baseline accepted previously or 2026-06-17 scratch record passed strict scratch review
scratch_20260617_libxml2_doublefree_0c47e4a220,libxml2,doublefree,relaxng.c,xmlRelaxNGPopErrors,owned-field-clear-drop-cross-lifecycle,at or above hardness bar,borderline hard,2026-06-16 baseline accepted previously or 2026-06-17 scratch record passed strict scratch review
scratch_20260617_md4c_spatial_108e6f50e8,md4c,spatial,src/md4c.c,md_scan_for_html_closer,semantic-boundary-guard-deferred-consumer,at or above hardness bar,clearly hard enough,2026-06-16 baseline accepted previously or 2026-06-17 scratch record passed strict scratch review
scratch_20260617_md4c_spatial_e4d43ace92,md4c,spatial,src/md4c.c,md_scan_for_html_closer,semantic-boundary-guard-deferred-consumer,at or above hardness bar,clearly hard enough,2026-06-16 baseline accepted previously or 2026-06-17 scratch record passed strict scratch review
scratch_20260617_md4c_spatial_9bb2da9b18,md4c,spatial,src/md4c.c,md_link_label_cmp_load_fold_info,semantic-boundary-guard-deferred-consumer,at or above hardness bar,clearly hard enough,2026-06-16 baseline accepted previously or 2026-06-17 scratch record passed strict scratch review
scratch_20260617_md4c_spatial_eb02c612e9,md4c,spatial,src/md4c.c,md_is_autolink_uri,semantic-boundary-guard-deferred-consumer,at or above hardness bar,clearly hard enough,2026-06-16 baseline accepted previously or 2026-06-17 scratch record passed strict scratch review
scratch_20260617_md4c_spatial_2cac9e72c5,md4c,spatial,src/md4c.c,md_is_autolink_uri,semantic-boundary-guard-deferred-consumer,at or above hardness bar,clearly hard enough,2026-06-16 baseline accepted previously or 2026-06-17 scratch record passed strict scratch review
scratch_20260617_md4c_spatial_c7bc927813,md4c,spatial,src/md4c.c,md_is_autolink_uri,semantic-boundary-guard-deferred-consumer,at or above hardness bar,clearly hard enough,2026-06-16 baseline accepted previously or 2026-06-17 scratch record passed strict scratch review
scratch_20260617_md4c_spatial_cd3aeeefa8,md4c,spatial,src/md4c.c,md_is_autolink_uri,semantic-boundary-guard-deferred-consumer,at or above hardness bar,clearly hard enough,2026-06-16 baseline accepted previously or 2026-06-17 scratch record passed strict scratch review
scratch_20260617_miniz_spatial_c07238fd5b,miniz,spatial,miniz_zip.c,mz_zip_reader_locate_file,semantic-boundary-guard-deferred-consumer,at or above hardness bar,clearly hard enough,2026-06-16 baseline accepted previously or 2026-06-17 scratch record passed strict scratch review
scratch_20260617_miniz_spatial_6de07651ab,miniz,spatial,miniz_zip.c,mz_zip_reader_locate_file,semantic-boundary-guard-deferred-consumer,at or above hardness bar,clearly hard enough,2026-06-16 baseline accepted previously or 2026-06-17 scratch record passed strict scratch review
scratch_20260617_nanosvg_doublefree_66a699ce3a,nanosvg,doublefree,src/nanosvg.h,nsvg__addShape,ownership-transfer-source-retains-pointer,at or above hardness bar,clearly hard enough,2026-06-16 baseline accepted previously or 2026-06-17 scratch record passed strict scratch review
scratch_20260617_nanosvg_spatial_298d3fb009,nanosvg,spatial,src/nanosvg.h,nsvg__parseColor,semantic-boundary-guard-deferred-consumer,at or above hardness bar,clearly hard enough,2026-06-16 baseline accepted previously or 2026-06-17 scratch record passed strict scratch review
scratch_20260617_nanosvg_spatial_56633bd772,nanosvg,spatial,src/nanosvg.h,nsvg__parseColor,semantic-boundary-guard-deferred-consumer,at or above hardness bar,clearly hard enough,2026-06-16 baseline accepted previously or 2026-06-17 scratch record passed strict scratch review
scratch_20260617_oniguruma_doublefree_38882c01f4,oniguruma,doublefree,src/regcomp.c,tune_quant,ownership-transfer-source-retains-pointer,at or above hardness bar,clearly hard enough,2026-06-16 baseline accepted previously or 2026-06-17 scratch record passed strict scratch review
scratch_20260617_oniguruma_spatial_ed15a79e53,oniguruma,spatial,src/regexec.c,sunday_quick_search,semantic-boundary-guard-deferred-consumer,at or above hardness bar,clearly hard enough,2026-06-16 baseline accepted previously or 2026-06-17 scratch record passed strict scratch review
scratch_20260617_oniguruma_doublefree_3d93d20951,oniguruma,doublefree,src/regparse.c,names_clear,owned-field-clear-drop-cross-lifecycle,at or above hardness bar,borderline hard,2026-06-16 baseline accepted previously or 2026-06-17 scratch record passed strict scratch review
scratch_20260617_oniguruma_doublefree_9a35451d5b,oniguruma,doublefree,src/regparse.c,names_clear,owned-field-clear-drop-cross-lifecycle,at or above hardness bar,borderline hard,2026-06-16 baseline accepted previously or 2026-06-17 scratch record passed strict scratch review
scratch_20260617_oniguruma_doublefree_e13fc38a75,oniguruma,doublefree,src/regparse.c,callout_name_table_clear,owned-field-clear-drop-cross-lifecycle,at or above hardness bar,borderline hard,2026-06-16 baseline accepted previously or 2026-06-17 scratch record passed strict scratch review
scratch_20260617_oniguruma_spatial_fcf4603fc5,oniguruma,spatial,src/regparse.c,prs_long,semantic-boundary-guard-deferred-consumer,at or above hardness bar,clearly hard enough,2026-06-16 baseline accepted previously or 2026-06-17 scratch record passed strict scratch review
scratch_20260617_oniguruma_spatial_686ccd69dd,oniguruma,spatial,src/regparse.c,prs_exp,semantic-boundary-guard-deferred-consumer,at or above hardness bar,clearly hard enough,2026-06-16 baseline accepted previously or 2026-06-17 scratch record passed strict scratch review
scratch_20260617_parson_spatial_4d89f30fe9,parson,spatial,parson.c,json_object_add,semantic-boundary-guard-deferred-consumer,at or above hardness bar,clearly hard enough,2026-06-16 baseline accepted previously or 2026-06-17 scratch record passed strict scratch review
scratch_20260617_parson_spatial_e9a52ca09e,parson,spatial,parson.c,json_array_add,semantic-boundary-guard-deferred-consumer,at or above hardness bar,clearly hard enough,2026-06-16 baseline accepted previously or 2026-06-17 scratch record passed strict scratch review
scratch_20260617_parson_spatial_19374d7fdb,parson,spatial,parson.c,json_object_get_name,semantic-boundary-guard-deferred-consumer,at or above hardness bar,clearly hard enough,2026-06-16 baseline accepted previously or 2026-06-17 scratch record passed strict scratch review
scratch_20260617_parson_spatial_a6e9b1d1c8,parson,spatial,parson.c,json_array_get_value,semantic-boundary-guard-deferred-consumer,at or above hardness bar,clearly hard enough,2026-06-16 baseline accepted previously or 2026-06-17 scratch record passed strict scratch review
scratch_20260617_pcre2_spatial_14ce50f79e,pcre2,spatial,src/pcre2_compile.c,parsed_skip,semantic-boundary-guard-deferred-consumer,at or above hardness bar,clearly hard enough,2026-06-16 baseline accepted previously or 2026-06-17 scratch record passed strict scratch review
scratch_20260617_pcre2_spatial_2dad08108d,pcre2,spatial,src/pcre2_fuzzsupport.c,LLVMFuzzerTestOneInput,semantic-boundary-guard-deferred-consumer,at or above hardness bar,clearly hard enough,2026-06-16 baseline accepted previously or 2026-06-17 scratch record passed strict scratch review
scratch_20260617_pcre2_spatial_ce2f256644,pcre2,spatial,src/pcre2_fuzzsupport.c,LLVMFuzzerTestOneInput,semantic-boundary-guard-deferred-consumer,at or above hardness bar,clearly hard enough,2026-06-16 baseline accepted previously or 2026-06-17 scratch record passed strict scratch review
scratch_20260617_pcre2_spatial_8beb49c0e4,pcre2,spatial,src/pcre2_fuzzsupport.c,LLVMFuzzerTestOneInput,semantic-boundary-guard-deferred-consumer,at or above hardness bar,clearly hard enough,2026-06-16 baseline accepted previously or 2026-06-17 scratch record passed strict scratch review
scratch_20260617_pcre2_spatial_a3f5f12b83,pcre2,spatial,src/pcre2grep.c,read_one_line,semantic-boundary-guard-deferred-consumer,at or above hardness bar,clearly hard enough,2026-06-16 baseline accepted previously or 2026-06-17 scratch record passed strict scratch review
scratch_20260617_stb_spatial_5b91e2363e,stb,spatial,stb_truetype.h,stbtt_GetFontOffsetForIndex_internal,semantic-boundary-guard-deferred-consumer,at or above hardness bar,clearly hard enough,2026-06-16 baseline accepted previously or 2026-06-17 scratch record passed strict scratch review
scratch_20260617_yyjson_spatial_ef76d41752,yyjson,spatial,src/yyjson.c,ext_space_len,semantic-boundary-guard-deferred-consumer,at or above hardness bar,clearly hard enough,2026-06-16 baseline accepted previously or 2026-06-17 scratch record passed strict scratch review
scratch_20260617_yyjson_spatial_bd965feb4e,yyjson,spatial,src/yyjson.c,pool_realloc,semantic-boundary-guard-deferred-consumer,at or above hardness bar,clearly hard enough,2026-06-16 baseline accepted previously or 2026-06-17 scratch record passed strict scratch review
scratch_20260617_yyjson_uninit_510c43f81f,yyjson,uninit,src/yyjson.c,dyn_malloc,mode-specific-field-initialization-gap,at or above hardness bar,clearly hard enough,2026-06-16 baseline accepted previously or 2026-06-17 scratch record passed strict scratch review
scratch_20260617_yyjson_spatial_953615544e,yyjson,spatial,src/yyjson.c,is_truncated_utf8,semantic-boundary-guard-deferred-consumer,at or above hardness bar,clearly hard enough,2026-06-16 baseline accepted previously or 2026-06-17 scratch record passed strict scratch review
scratch_20260617_yyjson_spatial_161890a1c6,yyjson,spatial,src/yyjson.c,number,semantic-boundary-guard-deferred-consumer,at or above hardness bar,clearly hard enough,2026-06-16 baseline accepted previously or 2026-06-17 scratch record passed strict scratch review
scratch_20260617_yyjson_spatial_ae730dfa54,yyjson,spatial,src/yyjson.c,read_root_minify,semantic-boundary-guard-deferred-consumer,at or above hardness bar,clearly hard enough,2026-06-16 baseline accepted previously or 2026-06-17 scratch record passed strict scratch review
scratch_20260617_yyjson_spatial_2f02b6c43d,yyjson,spatial,src/yyjson.c,read_root_minify,semantic-boundary-guard-deferred-consumer,at or above hardness bar,clearly hard enough,2026-06-16 baseline accepted previously or 2026-06-17 scratch record passed strict scratch review
scratch_20260617_yyjson_spatial_35f7a4265a,yyjson,spatial,src/yyjson.c,ptr_arr_get,semantic-boundary-guard-deferred-consumer,at or above hardness bar,clearly hard enough,2026-06-16 baseline accepted previously or 2026-06-17 scratch record passed strict scratch review
scratch_20260617_zstd_spatial_5083c703e1,zstd,spatial,lib/compress/zstd_compress.c,ZSTD_deriveBlockSplitsHelper,semantic-boundary-guard-deferred-consumer,at or above hardness bar,clearly hard enough,2026-06-16 baseline accepted previously or 2026-06-17 scratch record passed strict scratch review
scratch_20260617_zstd_spatial_06bc4fc55f,zstd,spatial,lib/compress/zstd_lazy.c,ZSTD_dedicatedDictSearch_lazy_loadDictionary,semantic-boundary-guard-deferred-consumer,at or above hardness bar,clearly hard enough,2026-06-16 baseline accepted previously or 2026-06-17 scratch record passed strict scratch review
scratch_20260617_zstd_spatial_60bf9e528d,zstd,spatial,lib/compress/zstd_ldm.c,maybeSplitSequence,semantic-boundary-guard-deferred-consumer,at or above hardness bar,clearly hard enough,2026-06-16 baseline accepted previously or 2026-06-17 scratch record passed strict scratch review
scratch_20260617_zstd_spatial_4b0b46b6e4,zstd,spatial,lib/compress/zstd_opt.c,ZSTD_opt_getNextMatchAndUpdateSeqStore,semantic-boundary-guard-deferred-consumer,at or above hardness bar,clearly hard enough,2026-06-16 baseline accepted previously or 2026-06-17 scratch record passed strict scratch review
scratch_20260617_zstd_uninit_5f6079b9ba,zstd,uninit,lib/compress/zstdmt_compress.c,ZSTDMT_createBufferPool,mode-specific-field-initialization-gap,at or above hardness bar,clearly hard enough,2026-06-16 baseline accepted previously or 2026-06-17 scratch record passed strict scratch review
scratch_20260617_zstd_spatial_771c04428b,zstd,spatial,lib/legacy/zstd_v01.c,FSE_decompress,semantic-boundary-guard-deferred-consumer,at or above hardness bar,clearly hard enough,2026-06-16 baseline accepted previously or 2026-06-17 scratch record passed strict scratch review
scratch_20260617_zstd_doublefree_c3c0ae9c2b,zstd,doublefree,programs/fileio.c,FIO_munmap,owned-field-clear-drop-cross-lifecycle,at or above hardness bar,borderline hard,2026-06-16 baseline accepted previously or 2026-06-17 scratch record passed strict scratch review
scratch_20260617_zstd_doublefree_33d281061e,zstd,doublefree,programs/fileio.c,FIO_freeDict,owned-field-clear-drop-cross-lifecycle,at or above hardness bar,borderline hard,2026-06-16 baseline accepted previously or 2026-06-17 scratch record passed strict scratch review
scratch_20260617_zstd_uninit_739633fc6f,zstd,uninit,programs/fileio_asyncio.c,AIO_ReadPool_create,mode-specific-field-initialization-gap,at or above hardness bar,clearly hard enough,2026-06-16 baseline accepted previously or 2026-06-17 scratch record passed strict scratch review
scratch_20260617_ezxml_spatial_377035f898,ezxml,spatial,ezxml.c,ezxml_str2utf8,semantic-boundary-guard-deferred-consumer,at or above hardness bar,clearly hard enough,2026-06-16 baseline accepted previously or 2026-06-17 scratch record passed strict scratch review
scratch_20260617_ezxml_alloc_3b3129d14b,ezxml,alloc,ezxml.c,ezxml_parse_str,exact-fit-allocation-slack-loss,at or above hardness bar,clearly hard enough,2026-06-16 baseline accepted previously or 2026-06-17 scratch record passed strict scratch review
scratch_20260617_ezxml_alloc_da37a743c7,ezxml,alloc,ezxml.c,ezxml_toxml,exact-fit-allocation-slack-loss,at or above hardness bar,clearly hard enough,2026-06-16 baseline accepted previously or 2026-06-17 scratch record passed strict scratch review
scratch_20260617_ezxml_alloc_6fcdcb06fe,ezxml,alloc,ezxml.c,ezxml_toxml,exact-fit-allocation-slack-loss,at or above hardness bar,clearly hard enough,2026-06-16 baseline accepted previously or 2026-06-17 scratch record passed strict scratch review
scratch_20260617_freetype_alloc_38288f936c,freetype,alloc,src/pfr/pfrload.c,pfr_aux_name_load,exact-fit-allocation-slack-loss,at or above hardness bar,clearly hard enough,2026-06-16 baseline accepted previously or 2026-06-17 scratch record passed strict scratch review
scratch_20260617_freetype_uninit_3d9028fc8e,freetype,uninit,src/type42/t42parse.c,t42_parser_init,mode-specific-field-initialization-gap,at or above hardness bar,clearly hard enough,2026-06-16 baseline accepted previously or 2026-06-17 scratch record passed strict scratch review
scratch_20260617_freetype_uninit_c1d5cef009,freetype,uninit,src/type42/t42parse.c,t42_parser_init,mode-specific-field-initialization-gap,at or above hardness bar,clearly hard enough,2026-06-16 baseline accepted previously or 2026-06-17 scratch record passed strict scratch review
scratch_20260617_freetype_uninit_9b65c52d76,freetype,uninit,src/type42/t42parse.c,t42_parser_init,mode-specific-field-initialization-gap,at or above hardness bar,clearly hard enough,2026-06-16 baseline accepted previously or 2026-06-17 scratch record passed strict scratch review
scratch_20260617_freetype_alloc_1d493a0785,freetype,alloc,src/winfonts/winfnt.c,FT_PIX_ROUND,exact-fit-allocation-slack-loss,at or above hardness bar,clearly hard enough,2026-06-16 baseline accepted previously or 2026-06-17 scratch record passed strict scratch review
scratch_20260617_frozen_spatial_dbefb96a6b,frozen,spatial,frozen.c,cs_win_vsnprintf,semantic-boundary-guard-deferred-consumer,at or above hardness bar,clearly hard enough,2026-06-16 baseline accepted previously or 2026-06-17 scratch record passed strict scratch review
scratch_20260617_frozen_alloc_d510b5af4c,frozen,alloc,frozen.c,json_fread,exact-fit-allocation-slack-loss,at or above hardness bar,clearly hard enough,2026-06-16 baseline accepted previously or 2026-06-17 scratch record passed strict scratch review
scratch_20260617_giflib_alloc_c156839760,giflib,alloc,gif_font.c,GifDrawBoxedText8x8,exact-fit-allocation-slack-loss,at or above hardness bar,clearly hard enough,2026-06-16 baseline accepted previously or 2026-06-17 scratch record passed strict scratch review
scratch_20260617_giflib_doublefree_1ef689d8cf,giflib,doublefree,gifalloc.c,GifFreeSavedImages,owned-field-clear-drop-cross-lifecycle,at or above hardness bar,borderline hard,2026-06-16 baseline accepted previously or 2026-06-17 scratch record passed strict scratch review
scratch_20260617_json_c_spatial_41071f2452,json-c,spatial,arraylist.c,array_list_expand_internal,semantic-boundary-guard-deferred-consumer,at or above hardness bar,clearly hard enough,2026-06-16 baseline accepted previously or 2026-06-17 scratch record passed strict scratch review
scratch_20260617_json_c_intover_473e4e135e,json-c,intover,arraylist.c,array_list_add,narrowed-size-state-for-later-sink,at or above hardness bar,clearly hard enough,2026-06-16 baseline accepted previously or 2026-06-17 scratch record passed strict scratch review
scratch_20260617_json_c_spatial_bf0122a0f5,json-c,spatial,json_object.c,_json_object_set_string_len,semantic-boundary-guard-deferred-consumer,at or above hardness bar,clearly hard enough,2026-06-16 baseline accepted previously or 2026-06-17 scratch record passed strict scratch review
scratch_20260617_json_c_alloc_98398a5a1b,json-c,alloc,json_object.c,_json_object_set_string_len,exact-fit-allocation-slack-loss,at or above hardness bar,clearly hard enough,2026-06-16 baseline accepted previously or 2026-06-17 scratch record passed strict scratch review
scratch_20260617_lcms_spatial_8344009cb8,lcms,spatial,src/cmscgats.c,BuildAbsolutePath,semantic-boundary-guard-deferred-consumer,at or above hardness bar,clearly hard enough,2026-06-16 baseline accepted previously or 2026-06-17 scratch record passed strict scratch review
scratch_20260617_lcms_spatial_5661bc4ed3,lcms,spatial,src/cmsnamed.c,cmsMLUtranslationsCodes,semantic-boundary-guard-deferred-consumer,at or above hardness bar,clearly hard enough,2026-06-16 baseline accepted previously or 2026-06-17 scratch record passed strict scratch review
scratch_20260617_lcms_alloc_b1d176ac19,lcms,alloc,utils/psicc/psicc.c,GenerateCRD,exact-fit-allocation-slack-loss,at or above hardness bar,clearly hard enough,2026-06-16 baseline accepted previously or 2026-06-17 scratch record passed strict scratch review
scratch_20260617_lcms_alloc_3616b85a40,lcms,alloc,utils/tificc/tificc.c,DoEmbedProfile,exact-fit-allocation-slack-loss,at or above hardness bar,clearly hard enough,2026-06-16 baseline accepted previously or 2026-06-17 scratch record passed strict scratch review
scratch_20260617_libpng_spatial_b5249151e8,libpng,spatial,pngpread.c,memset,minimum-length-guard-deferred-read,at or above hardness bar,clearly hard enough,2026-06-16 baseline accepted previously or 2026-06-17 scratch record passed strict scratch review
scratch_20260617_libpng_spatial_0f4ecc1c38,libpng,spatial,pngread.c,png_read_row,minimum-length-guard-deferred-read,at or above hardness bar,clearly hard enough,2026-06-16 baseline accepted previously or 2026-06-17 scratch record passed strict scratch review
scratch_20260617_libpng_doublefree_e345934c3f,libpng,doublefree,pngread.c,png_read_destroy,owned-field-clear-drop-cross-lifecycle,at or above hardness bar,borderline hard,2026-06-16 baseline accepted previously or 2026-06-17 scratch record passed strict scratch review
scratch_20260617_libpng_doublefree_4c55dbcd26,libpng,doublefree,pngread.c,png_read_destroy,owned-field-clear-drop-cross-lifecycle,at or above hardness bar,borderline hard,2026-06-16 baseline accepted previously or 2026-06-17 scratch record passed strict scratch review
scratch_20260617_libpng_doublefree_43c41db454,libpng,doublefree,pngread.c,png_read_destroy,owned-field-clear-drop-cross-lifecycle,at or above hardness bar,borderline hard,2026-06-16 baseline accepted previously or 2026-06-17 scratch record passed strict scratch review
scratch_20260617_libpng_spatial_56dabada30,libpng,spatial,pngwrite.c,png_write_row,minimum-length-guard-deferred-read,at or above hardness bar,clearly hard enough,2026-06-16 baseline accepted previously or 2026-06-17 scratch record passed strict scratch review
scratch_20260617_libpng_spatial_3c679dd16c,libpng,spatial,pngwrite.c,void,semantic-boundary-guard-deferred-consumer,at or above hardness bar,clearly hard enough,2026-06-16 baseline accepted previously or 2026-06-17 scratch record passed strict scratch review
scratch_20260617_libtiff_uninit_d6b07b0950,libtiff,uninit,libtiff/tif_lzw.c,LZWSetupDecode,mode-specific-field-initialization-gap,at or above hardness bar,clearly hard enough,2026-06-16 baseline accepted previously or 2026-06-17 scratch record passed strict scratch review
scratch_20260617_libtiff_uninit_5f9f504a17,libtiff,uninit,libtiff/tif_lzw.c,LZWSetupDecode,mode-specific-field-initialization-gap,at or above hardness bar,clearly hard enough,2026-06-16 baseline accepted previously or 2026-06-17 scratch record passed strict scratch review
scratch_20260617_libtiff_doublefree_753d760151,libtiff,doublefree,libtiff/tif_read.c,TIFFReadBufferSetup,owned-field-clear-drop-cross-lifecycle,at or above hardness bar,borderline hard,2026-06-16 baseline accepted previously or 2026-06-17 scratch record passed strict scratch review
scratch_20260617_libtiff_doublefree_7ebd61ae86,libtiff,doublefree,libtiff/tif_webp.c,TWebPSetupDecode,owned-field-clear-drop-cross-lifecycle,at or above hardness bar,borderline hard,2026-06-16 baseline accepted previously or 2026-06-17 scratch record passed strict scratch review
scratch_20260617_libucl_spatial_4e99068816,libucl,spatial,klib/khash.h,name,semantic-boundary-guard-deferred-consumer,at or above hardness bar,clearly hard enough,2026-06-16 baseline accepted previously or 2026-06-17 scratch record passed strict scratch review
scratch_20260617_libucl_doublefree_37b8afa3be,libucl,doublefree,src/ucl_util.c,ucl_object_insert_key_common,owned-field-clear-drop-cross-lifecycle,at or above hardness bar,borderline hard,2026-06-16 baseline accepted previously or 2026-06-17 scratch record passed strict scratch review
scratch_20260617_lua_spatial_247964fa28,lua,spatial,lstrlib.c,getendpos,semantic-boundary-guard-deferred-consumer,at or above hardness bar,clearly hard enough,2026-06-16 baseline accepted previously or 2026-06-17 scratch record passed strict scratch review
scratch_20260617_lua_spatial_2413d51e04,lua,spatial,lstrlib.c,match_capture,semantic-boundary-guard-deferred-consumer,at or above hardness bar,clearly hard enough,2026-06-16 baseline accepted previously or 2026-06-17 scratch record passed strict scratch review
scratch_20260617_lua_spatial_782afd5a15,lua,spatial,lutf8lib.c,u_posrelat,semantic-boundary-guard-deferred-consumer,at or above hardness bar,clearly hard enough,2026-06-16 baseline accepted previously or 2026-06-17 scratch record passed strict scratch review
scratch_20260617_lz4_spatial_73f2405ffb,lz4,spatial,programs/lorem.c,init_word_buffer,semantic-boundary-guard-deferred-consumer,at or above hardness bar,clearly hard enough,2026-06-16 baseline accepted previously or 2026-06-17 scratch record passed strict scratch review
scratch_20260617_lz4_uninit_3ef82ee818,lz4,uninit,programs/lz4io.c,LZ4IO_createBufferPool,mode-specific-field-initialization-gap,at or above hardness bar,clearly hard enough,2026-06-16 baseline accepted previously or 2026-06-17 scratch record passed strict scratch review
scratch_20260617_lz4_uninit_ce952d9b34,lz4,uninit,programs/lz4io.c,LZ4IO_createBufferPool,mode-specific-field-initialization-gap,at or above hardness bar,clearly hard enough,2026-06-16 baseline accepted previously or 2026-06-17 scratch record passed strict scratch review
scratch_20260617_lz4_spatial_3982506cd8,lz4,spatial,programs/util.h,UTIL_createFileList,semantic-boundary-guard-deferred-consumer,at or above hardness bar,clearly hard enough,2026-06-16 baseline accepted previously or 2026-06-17 scratch record passed strict scratch review
scratch_20260617_md4c_spatial_212a624de8,md4c,spatial,src/md4c.c,md_text_with_null_replacement,semantic-boundary-guard-deferred-consumer,at or above hardness bar,clearly hard enough,2026-06-16 baseline accepted previously or 2026-06-17 scratch record passed strict scratch review
scratch_20260617_md4c_spatial_177ef7b7c4,md4c,spatial,src/md4c.c,md_merge_lines,semantic-boundary-guard-deferred-consumer,at or above hardness bar,clearly hard enough,2026-06-16 baseline accepted previously or 2026-06-17 scratch record passed strict scratch review
scratch_20260617_md4c_spatial_5b83623b61,md4c,spatial,src/md4c.c,md_is_html_declaration,semantic-boundary-guard-deferred-consumer,at or above hardness bar,clearly hard enough,2026-06-16 baseline accepted previously or 2026-06-17 scratch record passed strict scratch review
scratch_20260617_md4c_spatial_0933a1dc7c,md4c,spatial,src/md4c.c,md_is_html_cdata,semantic-boundary-guard-deferred-consumer,at or above hardness bar,clearly hard enough,2026-06-16 baseline accepted previously or 2026-06-17 scratch record passed strict scratch review
scratch_20260617_md4c_spatial_ffb5973123,md4c,spatial,src/md4c.c,md_is_link_title,semantic-boundary-guard-deferred-consumer,at or above hardness bar,clearly hard enough,2026-06-16 baseline accepted previously or 2026-06-17 scratch record passed strict scratch review
scratch_20260617_md4c_spatial_d1276fb85f,md4c,spatial,src/md4c.c,error,semantic-boundary-guard-deferred-consumer,at or above hardness bar,clearly hard enough,2026-06-16 baseline accepted previously or 2026-06-17 scratch record passed strict scratch review
scratch_20260617_md4c_spatial_da766c9567,md4c,spatial,src/md4c.c,md_is_inline_link_spec,semantic-boundary-guard-deferred-consumer,at or above hardness bar,clearly hard enough,2026-06-16 baseline accepted previously or 2026-06-17 scratch record passed strict scratch review
scratch_20260617_md4c_spatial_cf5f0819e1,md4c,spatial,src/md4c.c,md_is_code_span,semantic-boundary-guard-deferred-consumer,at or above hardness bar,clearly hard enough,2026-06-16 baseline accepted previously or 2026-06-17 scratch record passed strict scratch review
scratch_20260617_md4c_spatial_46ad79b6fd,md4c,spatial,src/md4c.c,MD_ASSERT,semantic-boundary-guard-deferred-consumer,at or above hardness bar,clearly hard enough,2026-06-16 baseline accepted previously or 2026-06-17 scratch record passed strict scratch review
scratch_20260617_md4c_spatial_06ae7723d9,md4c,spatial,src/md4c.c,_T,semantic-boundary-guard-deferred-consumer,at or above hardness bar,clearly hard enough,2026-06-16 baseline accepted previously or 2026-06-17 scratch record passed strict scratch review
scratch_20260617_md4c_spatial_6b79255441,md4c,spatial,src/md4c.c,md_is_html_block_start_condition,semantic-boundary-guard-deferred-consumer,at or above hardness bar,clearly hard enough,2026-06-16 baseline accepted previously or 2026-06-17 scratch record passed strict scratch review
scratch_20260617_md4c_spatial_226c0d9da0,md4c,spatial,src/md4c.c,md_is_html_block_end_condition,semantic-boundary-guard-deferred-consumer,at or above hardness bar,clearly hard enough,2026-06-16 baseline accepted previously or 2026-06-17 scratch record passed strict scratch review
scratch_20260617_mjson_spatial_5020e76e7b,mjson,spatial,src/mjson.c,mjson_print_dbl,semantic-boundary-guard-deferred-consumer,at or above hardness bar,clearly hard enough,2026-06-16 baseline accepted previously or 2026-06-17 scratch record passed strict scratch review
scratch_20260617_mjson_spatial_83bb74b905,mjson,spatial,src/mjson.c,mjson_merge,minimum-length-guard-deferred-read,at or above hardness bar,clearly hard enough,2026-06-16 baseline accepted previously or 2026-06-17 scratch record passed strict scratch review
scratch_20260617_nanosvg_alloc_d39b40052f,nanosvg,alloc,src/nanosvg.h,nsvgParseFromFile,exact-fit-allocation-slack-loss,at or above hardness bar,clearly hard enough,2026-06-16 baseline accepted previously or 2026-06-17 scratch record passed strict scratch review
scratch_20260617_nanosvg_spatial_0fe2c01f81,nanosvg,spatial,src/nanosvgrast.h,nsvg__fillScanline,semantic-boundary-guard-deferred-consumer,at or above hardness bar,clearly hard enough,2026-06-16 baseline accepted previously or 2026-06-17 scratch record passed strict scratch review
scratch_20260617_oniguruma_spatial_c7c8faff33,oniguruma,spatial,src/euc_jp.c,is_valid_mbc_string,semantic-boundary-guard-deferred-consumer,at or above hardness bar,clearly hard enough,2026-06-16 baseline accepted previously or 2026-06-17 scratch record passed strict scratch review
scratch_20260617_oniguruma_spatial_7afa9a83aa,oniguruma,spatial,src/euc_jp.c,mbc_to_code,semantic-boundary-guard-deferred-consumer,at or above hardness bar,clearly hard enough,2026-06-16 baseline accepted previously or 2026-06-17 scratch record passed strict scratch review
scratch_20260617_oniguruma_spatial_5f72a71a10,oniguruma,spatial,src/regcomp.c,unravel_case_fold_string,semantic-boundary-guard-deferred-consumer,at or above hardness bar,clearly hard enough,2026-06-16 baseline accepted previously or 2026-06-17 scratch record passed strict scratch review
scratch_20260617_oniguruma_spatial_cfe696cea5,oniguruma,spatial,src/regcomp.c,set_sunday_quick_search_or_bmh_skip_table,semantic-boundary-guard-deferred-consumer,at or above hardness bar,clearly hard enough,2026-06-16 baseline accepted previously or 2026-06-17 scratch record passed strict scratch review
scratch_20260617_oniguruma_spatial_6c9ffda1fa,oniguruma,spatial,src/regenc.c,onigenc_with_ascii_strncmp,semantic-boundary-guard-deferred-consumer,at or above hardness bar,clearly hard enough,2026-06-16 baseline accepted previously or 2026-06-17 scratch record passed strict scratch review
scratch_20260617_oniguruma_spatial_a2714f7513,oniguruma,spatial,src/regerror.c,sprint_byte,semantic-boundary-guard-deferred-consumer,at or above hardness bar,clearly hard enough,2026-06-16 baseline accepted previously or 2026-06-17 scratch record passed strict scratch review
scratch_20260617_oniguruma_uninit_f1cf8ae9b5,oniguruma,uninit,src/regexec.c,history_node_new,mode-specific-field-initialization-gap,at or above hardness bar,clearly hard enough,2026-06-16 baseline accepted previously or 2026-06-17 scratch record passed strict scratch review
scratch_20260617_oniguruma_spatial_21e1fc3b6a,oniguruma,spatial,src/sjis.c,is_valid_mbc_string,semantic-boundary-guard-deferred-consumer,at or above hardness bar,clearly hard enough,2026-06-16 baseline accepted previously or 2026-06-17 scratch record passed strict scratch review
scratch_20260617_oniguruma_spatial_672ad1f05e,oniguruma,spatial,src/unicode.c,onig_unicode_define_user_property,semantic-boundary-guard-deferred-consumer,at or above hardness bar,clearly hard enough,2026-06-16 baseline accepted previously or 2026-06-17 scratch record passed strict scratch review
scratch_20260617_oniguruma_spatial_d1f2cf619c,oniguruma,spatial,src/unicode.c,onigenc_unicode_property_name_to_ctype,semantic-boundary-guard-deferred-consumer,at or above hardness bar,clearly hard enough,2026-06-16 baseline accepted previously or 2026-06-17 scratch record passed strict scratch review
scratch_20260617_pcre2_spatial_6bb86f3ca0,pcre2,spatial,src/pcre2_error.c,pcre2_get_error_message,semantic-boundary-guard-deferred-consumer,at or above hardness bar,clearly hard enough,2026-06-16 baseline accepted previously or 2026-06-17 scratch record passed strict scratch review
scratch_20260617_pcre2_spatial_bd5cbf579b,pcre2,spatial,src/pcre2_fuzzsupport.c,LLVMFuzzerTestOneInput,semantic-boundary-guard-deferred-consumer,at or above hardness bar,clearly hard enough,2026-06-16 baseline accepted previously or 2026-06-17 scratch record passed strict scratch review
scratch_20260617_pcre2_spatial_876def0caf,pcre2,spatial,src/pcre2_jit_compile.c,add_prefix_char,semantic-boundary-guard-deferred-consumer,at or above hardness bar,clearly hard enough,2026-06-16 baseline accepted previously or 2026-06-17 scratch record passed strict scratch review
scratch_20260617_pcre2_spatial_54fcb5c911,pcre2,spatial,src/pcre2_jit_compile.c,optimize_class_ranges,semantic-boundary-guard-deferred-consumer,at or above hardness bar,clearly hard enough,2026-06-16 baseline accepted previously or 2026-06-17 scratch record passed strict scratch review
scratch_20260617_pcre2_spatial_490ca65887,pcre2,spatial,src/pcre2_jit_compile.c,optimize_class_ranges,semantic-boundary-guard-deferred-consumer,at or above hardness bar,clearly hard enough,2026-06-16 baseline accepted previously or 2026-06-17 scratch record passed strict scratch review
scratch_20260617_pcre2_spatial_7893b7e0a6,pcre2,spatial,src/pcre2_jit_compile.c,optimize_class_chars,semantic-boundary-guard-deferred-consumer,at or above hardness bar,clearly hard enough,2026-06-16 baseline accepted previously or 2026-06-17 scratch record passed strict scratch review
scratch_20260617_pcre2_spatial_d47dafcbf1,pcre2,spatial,src/pcre2_printint_inc.h,get_ucpname,semantic-boundary-guard-deferred-consumer,at or above hardness bar,clearly hard enough,2026-06-16 baseline accepted previously or 2026-06-17 scratch record passed strict scratch review
scratch_20260617_pcre2_alloc_f3396b409e,pcre2,alloc,src/pcre2_serialize.c,pcre2_serialize_decode,exact-fit-allocation-slack-loss,at or above hardness bar,clearly hard enough,2026-06-16 baseline accepted previously or 2026-06-17 scratch record passed strict scratch review
scratch_20260617_pcre2_spatial_8357c2d0b1,pcre2,spatial,src/pcre2_substring.c,pcre2_substring_length_bynumber,semantic-boundary-guard-deferred-consumer,at or above hardness bar,clearly hard enough,2026-06-16 baseline accepted previously or 2026-06-17 scratch record passed strict scratch review
scratch_20260617_pcre2_spatial_5b8add2f08,pcre2,spatial,src/pcre2test.c,utf8_to_ord,semantic-boundary-guard-deferred-consumer,at or above hardness bar,clearly hard enough,2026-06-16 baseline accepted previously or 2026-06-17 scratch record passed strict scratch review
scratch_20260617_pcre2_spatial_a2a7762bdd,pcre2,spatial,src/pcre2test.c,utf16_to_ord,semantic-boundary-guard-deferred-consumer,at or above hardness bar,clearly hard enough,2026-06-16 baseline accepted previously or 2026-06-17 scratch record passed strict scratch review
scratch_20260617_pcre2_spatial_e1a9a28391,pcre2,spatial,src/pcre2test_inc.h,decode_modifiers,semantic-boundary-guard-deferred-consumer,at or above hardness bar,clearly hard enough,2026-06-16 baseline accepted previously or 2026-06-17 scratch record passed strict scratch review
scratch_20260617_stb_spatial_4e95d85f0f,stb,spatial,stb_image.h,stbi__build_huffman,semantic-boundary-guard-deferred-consumer,at or above hardness bar,clearly hard enough,2026-06-16 baseline accepted previously or 2026-06-17 scratch record passed strict scratch review
scratch_20260617_stb_spatial_93aa738827,stb,spatial,stb_image.h,stbi__hdr_load,semantic-boundary-guard-deferred-consumer,at or above hardness bar,clearly hard enough,2026-06-16 baseline accepted previously or 2026-06-17 scratch record passed strict scratch review
scratch_20260617_stb_spatial_32bbd4178e,stb,spatial,stb_image_write.h,stbiw__write_hdr_scanline,semantic-boundary-guard-deferred-consumer,at or above hardness bar,clearly hard enough,2026-06-16 baseline accepted previously or 2026-06-17 scratch record passed strict scratch review
scratch_20260617_stb_spatial_3ad0a0b8ee,stb,spatial,stb_truetype.h,stbtt__buf_get8,semantic-boundary-guard-deferred-consumer,at or above hardness bar,clearly hard enough,2026-06-16 baseline accepted previously or 2026-06-17 scratch record passed strict scratch review
scratch_20260617_stb_spatial_40423e151f,stb,spatial,stb_truetype.h,stbtt__get_subr,semantic-boundary-guard-deferred-consumer,at or above hardness bar,clearly hard enough,2026-06-16 baseline accepted previously or 2026-06-17 scratch record passed strict scratch review
scratch_20260617_stb_spatial_b21f05dc28,stb,spatial,stb_truetype.h,stbtt__cid_get_glyph_subrs,semantic-boundary-guard-deferred-consumer,at or above hardness bar,clearly hard enough,2026-06-16 baseline accepted previously or 2026-06-17 scratch record passed strict scratch review
scratch_20260617_utf8proc_spatial_63c768c840,utf8proc,spatial,utf8proc.c,utf_cont,semantic-boundary-guard-deferred-consumer,at or above hardness bar,clearly hard enough,2026-06-16 baseline accepted previously or 2026-06-17 scratch record passed strict scratch review
scratch_20260617_yyjson_spatial_178173df7f,yyjson,spatial,misc/jsoninfo.c,main,minimum-length-guard-deferred-read,at or above hardness bar,clearly hard enough,2026-06-16 baseline accepted previously or 2026-06-17 scratch record passed strict scratch review
scratch_20260617_yyjson_spatial_5e03911288,yyjson,spatial,src/yyjson.c,pool_realloc,semantic-boundary-guard-deferred-consumer,at or above hardness bar,clearly hard enough,2026-06-16 baseline accepted previously or 2026-06-17 scratch record passed strict scratch review
scratch_20260617_yyjson_uninit_9ddc2bd072,yyjson,uninit,src/yyjson.c,yyjson_alc_pool_init,mode-specific-field-initialization-gap,at or above hardness bar,clearly hard enough,2026-06-16 baseline accepted previously or 2026-06-17 scratch record passed strict scratch review
scratch_20260617_yyjson_uninit_9e36223999,yyjson,uninit,src/yyjson.c,dyn_malloc,mode-specific-field-initialization-gap,at or above hardness bar,clearly hard enough,2026-06-16 baseline accepted previously or 2026-06-17 scratch record passed strict scratch review
scratch_20260617_yyjson_spatial_d83a6bcb88,yyjson,spatial,src/yyjson.c,is_truncated_end,minimum-length-guard-deferred-read,at or above hardness bar,clearly hard enough,2026-06-16 baseline accepted previously or 2026-06-17 scratch record passed strict scratch review
scratch_20260617_yyjson_spatial_bf1925275b,yyjson,spatial,src/yyjson.c,return_f64_bin,semantic-boundary-guard-deferred-consumer,at or above hardness bar,clearly hard enough,2026-06-16 baseline accepted previously or 2026-06-17 scratch record passed strict scratch review
scratch_20260617_yyjson_spatial_b0b3dcaade,yyjson,spatial,src/yyjson.c,return_err,semantic-boundary-guard-deferred-consumer,at or above hardness bar,clearly hard enough,2026-06-16 baseline accepted previously or 2026-06-17 scratch record passed strict scratch review
scratch_20260617_yyjson_spatial_395c280f50,yyjson,spatial,src/yyjson.c,return_err,semantic-boundary-guard-deferred-consumer,at or above hardness bar,clearly hard enough,2026-06-16 baseline accepted previously or 2026-06-17 scratch record passed strict scratch review
scratch_20260617_yyjson_spatial_baa03851c6,yyjson,spatial,src/yyjson.c,return_err,semantic-boundary-guard-deferred-consumer,at or above hardness bar,clearly hard enough,2026-06-16 baseline accepted previously or 2026-06-17 scratch record passed strict scratch review
scratch_20260617_yyjson_spatial_d70cc77046,yyjson,spatial,src/yyjson.c,write_u64_len_1_to_17,semantic-boundary-guard-deferred-consumer,at or above hardness bar,clearly hard enough,2026-06-16 baseline accepted previously or 2026-06-17 scratch record passed strict scratch review
scratch_20260617_yyjson_spatial_4ab21fc59b,yyjson,spatial,src/yyjson.c,write_u64_len_1_to_17,semantic-boundary-guard-deferred-consumer,at or above hardness bar,clearly hard enough,2026-06-16 baseline accepted previously or 2026-06-17 scratch record passed strict scratch review
scratch_20260617_yyjson_spatial_bcc0608137,yyjson,spatial,src/yyjson.c,return_err,semantic-boundary-guard-deferred-consumer,at or above hardness bar,clearly hard enough,2026-06-16 baseline accepted previously or 2026-06-17 scratch record passed strict scratch review
scratch_20260617_yyjson_intover_89ca7a62c1,yyjson,intover,src/yyjson.h,yyjson_doc_free,narrowed-size-state-for-later-sink,at or above hardness bar,clearly hard enough,2026-06-16 baseline accepted previously or 2026-06-17 scratch record passed strict scratch review
scratch_20260617_zlib_spatial_babf245ea9,zlib,spatial,deflate.c,Assert,semantic-boundary-guard-deferred-consumer,at or above hardness bar,clearly hard enough,2026-06-16 baseline accepted previously or 2026-06-17 scratch record passed strict scratch review
scratch_20260617_zlib_doublefree_cf40f74f11,zlib,doublefree,gzlib.c,Z_MEM_ERROR,owned-field-clear-drop-cross-lifecycle,at or above hardness bar,borderline hard,2026-06-16 baseline accepted previously or 2026-06-17 scratch record passed strict scratch review
scratch_20260617_zstd_spatial_90e8f4737c,zstd,spatial,lib/common/entropy_common.c,MEM_readLE32,semantic-boundary-guard-deferred-consumer,at or above hardness bar,clearly hard enough,2026-06-16 baseline accepted previously or 2026-06-17 scratch record passed strict scratch review
scratch_20260617_zstd_spatial_d367b91e9f,zstd,spatial,lib/common/entropy_common.c,MEM_readLE32,semantic-boundary-guard-deferred-consumer,at or above hardness bar,clearly hard enough,2026-06-16 baseline accepted previously or 2026-06-17 scratch record passed strict scratch review
scratch_20260617_zstd_uninit_f04938b5a9,zstd,uninit,lib/common/pool.c,POOL_create_advanced,mode-specific-field-initialization-gap,at or above hardness bar,clearly hard enough,2026-06-16 baseline accepted previously or 2026-06-17 scratch record passed strict scratch review
scratch_20260617_zstd_spatial_80f51b86df,zstd,spatial,lib/common/xxhash.h,XXH_ASSERT,minimum-length-guard-deferred-read,at or above hardness bar,clearly hard enough,2026-06-16 baseline accepted previously or 2026-06-17 scratch record passed strict scratch review
scratch_20260617_zstd_spatial_570db414ff,zstd,spatial,lib/compress/fse_compress.c,FSE_writeNCount_generic,semantic-boundary-guard-deferred-consumer,at or above hardness bar,clearly hard enough,2026-06-16 baseline accepted previously or 2026-06-17 scratch record passed strict scratch review
scratch_20260617_zstd_spatial_4f34858a18,zstd,spatial,lib/compress/zstd_fast.c,ZSTD_hashPtr,semantic-boundary-guard-deferred-consumer,at or above hardness bar,clearly hard enough,2026-06-16 baseline accepted previously or 2026-06-17 scratch record passed strict scratch review
scratch_20260617_zstd_spatial_20b174c3a7,zstd,spatial,lib/compress/zstdmt_compress.c,findSynchronizationPoint,semantic-boundary-guard-deferred-consumer,at or above hardness bar,clearly hard enough,2026-06-16 baseline accepted previously or 2026-06-17 scratch record passed strict scratch review
scratch_20260617_zstd_spatial_8755e9b410,zstd,spatial,lib/decompress/zstd_decompress.c,ZSTD_DCtx_selectFrameDDict,minimum-length-guard-deferred-read,at or above hardness bar,clearly hard enough,2026-06-16 baseline accepted previously or 2026-06-17 scratch record passed strict scratch review
scratch_20260617_zstd_doublefree_143ddef8c8,zstd,doublefree,lib/dictBuilder/cover.c,COVER_ctx_init,owned-field-clear-drop-cross-lifecycle,at or above hardness bar,borderline hard,2026-06-16 baseline accepted previously or 2026-06-17 scratch record passed strict scratch review
scratch_20260617_zstd_doublefree_e1f6f3cdfe,zstd,doublefree,lib/dictBuilder/cover.c,COVER_ctx_init,owned-field-clear-drop-cross-lifecycle,at or above hardness bar,borderline hard,2026-06-16 baseline accepted previously or 2026-06-17 scratch record passed strict scratch review
scratch_20260617_zstd_doublefree_8178bf2bbf,zstd,doublefree,lib/dictBuilder/cover.c,COVER_ctx_init,owned-field-clear-drop-cross-lifecycle,at or above hardness bar,borderline hard,2026-06-16 baseline accepted previously or 2026-06-17 scratch record passed strict scratch review
scratch_20260617_zstd_doublefree_44cd75f8dd,zstd,doublefree,lib/dictBuilder/cover.c,COVER_ctx_init,owned-field-clear-drop-cross-lifecycle,at or above hardness bar,borderline hard,2026-06-16 baseline accepted previously or 2026-06-17 scratch record passed strict scratch review
scratch_20260617_zstd_doublefree_2b4fb69ad3,zstd,doublefree,lib/dictBuilder/fastcover.c,FASTCOVER_ctx_init,owned-field-clear-drop-cross-lifecycle,at or above hardness bar,borderline hard,2026-06-16 baseline accepted previously or 2026-06-17 scratch record passed strict scratch review
scratch_20260617_zstd_doublefree_9054d202cf,zstd,doublefree,lib/dictBuilder/fastcover.c,FASTCOVER_ctx_init,owned-field-clear-drop-cross-lifecycle,at or above hardness bar,borderline hard,2026-06-16 baseline accepted previously or 2026-06-17 scratch record passed strict scratch review
scratch_20260617_zstd_spatial_274184fca1,zstd,spatial,lib/dictBuilder/zdict.c,ZDICT_insertSortCount,semantic-boundary-guard-deferred-consumer,at or above hardness bar,clearly hard enough,2026-06-16 baseline accepted previously or 2026-06-17 scratch record passed strict scratch review
scratch_20260617_zstd_spatial_f41e3cf1c4,zstd,spatial,lib/legacy/zstd_v01.c,FSE_readLE32,semantic-boundary-guard-deferred-consumer,at or above hardness bar,clearly hard enough,2026-06-16 baseline accepted previously or 2026-06-17 scratch record passed strict scratch review
scratch_20260617_zstd_spatial_1d93a5fafb,zstd,spatial,lib/legacy/zstd_v02.c,MEM_readLE32,semantic-boundary-guard-deferred-consumer,at or above hardness bar,clearly hard enough,2026-06-16 baseline accepted previously or 2026-06-17 scratch record passed strict scratch review
scratch_20260617_zstd_spatial_6686052183,zstd,spatial,lib/legacy/zstd_v03.c,MEM_readLE32,semantic-boundary-guard-deferred-consumer,at or above hardness bar,clearly hard enough,2026-06-16 baseline accepted previously or 2026-06-17 scratch record passed strict scratch review
scratch_20260617_zstd_spatial_a588318cda,zstd,spatial,lib/legacy/zstd_v04.c,MEM_readLE32,semantic-boundary-guard-deferred-consumer,at or above hardness bar,clearly hard enough,2026-06-16 baseline accepted previously or 2026-06-17 scratch record passed strict scratch review
scratch_20260617_zstd_spatial_66e1a6fb84,zstd,spatial,lib/legacy/zstd_v05.c,FSEv05_readNCount,semantic-boundary-guard-deferred-consumer,at or above hardness bar,clearly hard enough,2026-06-16 baseline accepted previously or 2026-06-17 scratch record passed strict scratch review
scratch_20260617_zstd_spatial_8d46c86081,zstd,spatial,lib/legacy/zstd_v06.c,FSEv06_readNCount,semantic-boundary-guard-deferred-consumer,at or above hardness bar,clearly hard enough,2026-06-16 baseline accepted previously or 2026-06-17 scratch record passed strict scratch review
scratch_20260617_zstd_spatial_9c3eccd8fe,zstd,spatial,lib/legacy/zstd_v06.c,ZSTDv06_decodeSeqHeaders,semantic-boundary-guard-deferred-consumer,at or above hardness bar,clearly hard enough,2026-06-16 baseline accepted previously or 2026-06-17 scratch record passed strict scratch review
scratch_20260617_zstd_spatial_cafd2b662e,zstd,spatial,lib/legacy/zstd_v07.c,FSEv07_readNCount,semantic-boundary-guard-deferred-consumer,at or above hardness bar,clearly hard enough,2026-06-16 baseline accepted previously or 2026-06-17 scratch record passed strict scratch review
scratch_20260617_cjson_alloc_1a83895e9e,cjson,alloc,cJSON_Utils.c,create_patches,exact-fit-allocation-slack-loss,at or above hardness bar,clearly hard enough,2026-06-16 baseline accepted previously or 2026-06-17 scratch record passed strict scratch review
scratch_20260617_cjson_alloc_0098199c8b,cjson,alloc,cJSON_Utils.c,create_patches,exact-fit-allocation-slack-loss,at or above hardness bar,clearly hard enough,2026-06-16 baseline accepted previously or 2026-06-17 scratch record passed strict scratch review
scratch_20260617_dr_flac_intover_ffebee2e86,dr_flac,intover,dr_flac.h,drflac__reload_l1_cache_from_l2,narrowed-size-state-for-later-sink,at or above hardness bar,clearly hard enough,2026-06-16 baseline accepted previously or 2026-06-17 scratch record passed strict scratch review
scratch_20260617_dr_wav_intover_33e5ae441d,dr_wav,intover,dr_wav.h,drwav__metadata_copy_string,narrowed-size-state-for-later-sink,at or above hardness bar,clearly hard enough,2026-06-16 baseline accepted previously or 2026-06-17 scratch record passed strict scratch review
scratch_20260617_ezxml_alloc_1319d47159,ezxml,alloc,ezxml.c,ezxml_proc_inst,exact-fit-allocation-slack-loss,at or above hardness bar,clearly hard enough,2026-06-16 baseline accepted previously or 2026-06-17 scratch record passed strict scratch review
scratch_20260617_ezxml_alloc_c7754bc7e3,ezxml,alloc,ezxml.c,ezxml_proc_inst,exact-fit-allocation-slack-loss,at or above hardness bar,clearly hard enough,2026-06-16 baseline accepted previously or 2026-06-17 scratch record passed strict scratch review
scratch_20260617_ezxml_alloc_ba6332c22a,ezxml,alloc,ezxml.c,ezxml_set_attr,exact-fit-allocation-slack-loss,at or above hardness bar,clearly hard enough,2026-06-16 baseline accepted previously or 2026-06-17 scratch record passed strict scratch review
scratch_20260617_freetype_alloc_24f8aa7712,freetype,alloc,src/base/ftobjs.c,FT_MIN,exact-fit-allocation-slack-loss,at or above hardness bar,clearly hard enough,2026-06-16 baseline accepted previously or 2026-06-17 scratch record passed strict scratch review
scratch_20260617_freetype_uninit_7e5a21292b,freetype,uninit,src/pfr/pfrgload.c,pfr_glyph_start,mode-specific-field-initialization-gap,at or above hardness bar,clearly hard enough,2026-06-16 baseline accepted previously or 2026-06-17 scratch record passed strict scratch review
scratch_20260617_freetype_alloc_c492c93f22,freetype,alloc,src/psaux/psobjs.c,ps_tostring,exact-fit-allocation-slack-loss,at or above hardness bar,clearly hard enough,2026-06-16 baseline accepted previously or 2026-06-17 scratch record passed strict scratch review
scratch_20260617_freetype_spatial_260a467e84,freetype,spatial,src/pshinter/pshalgo.c,psh_glyph_compute_extrema,minimum-length-guard-deferred-read,at or above hardness bar,clearly hard enough,2026-06-16 baseline accepted previously or 2026-06-17 scratch record passed strict scratch review
scratch_20260617_frozen_intover_89911d6308,frozen,intover,frozen.c,json_printer_buf,narrowed-size-state-for-later-sink,at or above hardness bar,clearly hard enough,2026-06-16 baseline accepted previously or 2026-06-17 scratch record passed strict scratch review
scratch_20260617_frozen_alloc_c210b053ec,frozen,alloc,frozen.c,json_sprinter,exact-fit-allocation-slack-loss,at or above hardness bar,clearly hard enough,2026-06-16 baseline accepted previously or 2026-06-17 scratch record passed strict scratch review
scratch_20260617_giflib_uninit_2cbebe7a59,giflib,uninit,dgif_lib.c,DGifSetupDecompress,mode-specific-field-initialization-gap,at or above hardness bar,clearly hard enough,2026-06-16 baseline accepted previously or 2026-06-17 scratch record passed strict scratch review
scratch_20260617_json_c_uninit_5acbc096bb,json-c,uninit,arraylist.c,array_list_new2,mode-specific-field-initialization-gap,at or above hardness bar,clearly hard enough,2026-06-16 baseline accepted previously or 2026-06-17 scratch record passed strict scratch review
scratch_20260617_json_c_intover_bc89a12bdc,json-c,intover,json_object.c,json_escape_str,narrowed-size-state-for-later-sink,at or above hardness bar,clearly hard enough,2026-06-16 baseline accepted previously or 2026-06-17 scratch record passed strict scratch review
scratch_20260617_json_c_doublefree_97e0021321,json-c,doublefree,json_patch.c,__json_patch_apply_remove,owned-field-clear-drop-cross-lifecycle,at or above hardness bar,borderline hard,2026-06-16 baseline accepted previously or 2026-06-17 scratch record passed strict scratch review
scratch_20260617_json_c_uninit_2df7a65968,json-c,uninit,linkhash.c,lh_table_new,mode-specific-field-initialization-gap,at or above hardness bar,clearly hard enough,2026-06-16 baseline accepted previously or 2026-06-17 scratch record passed strict scratch review
scratch_20260617_json_c_uninit_2bc61c2dad,json-c,uninit,printbuf.c,printbuf_new,mode-specific-field-initialization-gap,at or above hardness bar,clearly hard enough,2026-06-16 baseline accepted previously or 2026-06-17 scratch record passed strict scratch review
scratch_20260617_lcms_uninit_3948621fdf,lcms,uninit,src/cmscgats.c,StringAlloc,mode-specific-field-initialization-gap,at or above hardness bar,clearly hard enough,2026-06-16 baseline accepted previously or 2026-06-17 scratch record passed strict scratch review
scratch_20260617_lcms_spatial_991f250a50,lcms,spatial,src/cmsnamed.c,EvalNamedColorPCS,semantic-boundary-guard-deferred-consumer,at or above hardness bar,clearly hard enough,2026-06-16 baseline accepted previously or 2026-06-17 scratch record passed strict scratch review
scratch_20260617_lcms_spatial_20f7c88a1e,lcms,spatial,utils/jpgicc/jpgicc.c,PS_FIXED_TO_FLOAT,semantic-boundary-guard-deferred-consumer,at or above hardness bar,clearly hard enough,2026-06-16 baseline accepted previously or 2026-06-17 scratch record passed strict scratch review
scratch_20260617_lcms_alloc_e7b4bf81ee,lcms,alloc,utils/jpgicc/jpgicc.c,DoEmbedProfile,exact-fit-allocation-slack-loss,at or above hardness bar,clearly hard enough,2026-06-16 baseline accepted previously or 2026-06-17 scratch record passed strict scratch review
scratch_20260617_lcms_alloc_326c91ef91,lcms,alloc,utils/psicc/psicc.c,GenerateCSA,exact-fit-allocation-slack-loss,at or above hardness bar,clearly hard enough,2026-06-16 baseline accepted previously or 2026-06-17 scratch record passed strict scratch review
scratch_20260617_libpng_doublefree_390cbdaa90,libpng,doublefree,pngread.c,png_read_destroy,owned-field-clear-drop-cross-lifecycle,at or above hardness bar,borderline hard,2026-06-16 baseline accepted previously or 2026-06-17 scratch record passed strict scratch review
scratch_20260617_libpng_doublefree_95ebd1869e,libpng,doublefree,pngread.c,png_read_destroy,owned-field-clear-drop-cross-lifecycle,at or above hardness bar,borderline hard,2026-06-16 baseline accepted previously or 2026-06-17 scratch record passed strict scratch review
scratch_20260617_libpng_doublefree_ddda7cc3c6,libpng,doublefree,pngread.c,png_read_destroy,owned-field-clear-drop-cross-lifecycle,at or above hardness bar,borderline hard,2026-06-16 baseline accepted previously or 2026-06-17 scratch record passed strict scratch review
scratch_20260617_libpng_doublefree_350ea9fd48,libpng,doublefree,pngread.c,png_read_destroy,owned-field-clear-drop-cross-lifecycle,at or above hardness bar,borderline hard,2026-06-16 baseline accepted previously or 2026-06-17 scratch record passed strict scratch review
scratch_20260617_libpng_doublefree_3c8d9cc25b,libpng,doublefree,pngread.c,png_read_destroy,owned-field-clear-drop-cross-lifecycle,at or above hardness bar,borderline hard,2026-06-16 baseline accepted previously or 2026-06-17 scratch record passed strict scratch review
scratch_20260617_libpng_doublefree_fa2bd25e20,libpng,doublefree,pngread.c,png_read_destroy,owned-field-clear-drop-cross-lifecycle,at or above hardness bar,borderline hard,2026-06-16 baseline accepted previously or 2026-06-17 scratch record passed strict scratch review
scratch_20260617_libtiff_uninit_43596b247f,libtiff,uninit,libtiff/tif_hash_set.c,TIFFHashSetNew,mode-specific-field-initialization-gap,at or above hardness bar,clearly hard enough,2026-06-16 baseline accepted previously or 2026-06-17 scratch record passed strict scratch review
scratch_20260617_libtiff_uninit_a4a02edc0f,libtiff,uninit,libtiff/tif_hash_set.c,TIFFHashSetNew,mode-specific-field-initialization-gap,at or above hardness bar,clearly hard enough,2026-06-16 baseline accepted previously or 2026-06-17 scratch record passed strict scratch review
scratch_20260617_libtiff_spatial_32151e7085,libtiff,spatial,libtiff/tif_lerc.c,LERCVSetField,minimum-length-guard-deferred-read,at or above hardness bar,clearly hard enough,2026-06-16 baseline accepted previously or 2026-06-17 scratch record passed strict scratch review
scratch_20260617_libucl_uninit_bec4513f32,libucl,uninit,src/ucl_emitter_streamline.c,ucl_object_emit_streamline_start_container,mode-specific-field-initialization-gap,at or above hardness bar,clearly hard enough,2026-06-16 baseline accepted previously or 2026-06-17 scratch record passed strict scratch review
scratch_20260617_libucl_alloc_191cfe82a5,libucl,alloc,src/ucl_util.c,ucl_curl_write_callback,exact-fit-allocation-slack-loss,at or above hardness bar,clearly hard enough,2026-06-16 baseline accepted previously or 2026-06-17 scratch record passed strict scratch review
scratch_20260617_libucl_alloc_6ac542eea6,libucl,alloc,src/ucl_util.c,ucl_load_handler,exact-fit-allocation-slack-loss,at or above hardness bar,clearly hard enough,2026-06-16 baseline accepted previously or 2026-06-17 scratch record passed strict scratch review
scratch_20260617_libucl_alloc_4aeef06149,libucl,alloc,src/ucl_util.c,ucl_load_handler,exact-fit-allocation-slack-loss,at or above hardness bar,clearly hard enough,2026-06-16 baseline accepted previously or 2026-06-17 scratch record passed strict scratch review
scratch_20260617_lua_spatial_77705a88f3,lua,spatial,lstring.c,internshrstr,semantic-boundary-guard-deferred-consumer,at or above hardness bar,clearly hard enough,2026-06-16 baseline accepted previously or 2026-06-17 scratch record passed strict scratch review
scratch_20260617_lua_spatial_20019464d4,lua,spatial,lstrlib.c,getformat,semantic-boundary-guard-deferred-consumer,at or above hardness bar,clearly hard enough,2026-06-16 baseline accepted previously or 2026-06-17 scratch record passed strict scratch review
scratch_20260617_lua_uninit_3b84bc5939,lua,uninit,ltable.c,luaH_new,mode-specific-field-initialization-gap,at or above hardness bar,clearly hard enough,2026-06-16 baseline accepted previously or 2026-06-17 scratch record passed strict scratch review
scratch_20260617_lz4_spatial_031472df69,lz4,spatial,lib/lz4hc.c,LZ4MID_hash4Ptr,semantic-boundary-guard-deferred-consumer,at or above hardness bar,clearly hard enough,2026-06-16 baseline accepted previously or 2026-06-17 scratch record passed strict scratch review
scratch_20260617_lz4_intover_e6f7f98a76,lz4,intover,programs/lorem.c,init_word_buffer,narrowed-size-state-for-later-sink,at or above hardness bar,clearly hard enough,2026-06-16 baseline accepted previously or 2026-06-17 scratch record passed strict scratch review
scratch_20260617_lz4_spatial_f7eab5551a,lz4,spatial,programs/lz4io.c,WR_init,semantic-boundary-guard-deferred-consumer,at or above hardness bar,clearly hard enough,2026-06-16 baseline accepted previously or 2026-06-17 scratch record passed strict scratch review
scratch_20260617_lz4_uninit_bef912267a,lz4,uninit,programs/threadpool.c,TPool_create,mode-specific-field-initialization-gap,at or above hardness bar,clearly hard enough,2026-06-16 baseline accepted previously or 2026-06-17 scratch record passed strict scratch review
scratch_20260617_lz4_uninit_068355c129,lz4,uninit,programs/threadpool.c,TPool_create,mode-specific-field-initialization-gap,at or above hardness bar,clearly hard enough,2026-06-16 baseline accepted previously or 2026-06-17 scratch record passed strict scratch review
scratch_20260617_lz4_uninit_90363fbfdf,lz4,uninit,programs/threadpool.c,TPool_create,mode-specific-field-initialization-gap,at or above hardness bar,clearly hard enough,2026-06-16 baseline accepted previously or 2026-06-17 scratch record passed strict scratch review
scratch_20260617_lz4_uninit_1a9aac51c7,lz4,uninit,programs/threadpool.c,TPool_create,mode-specific-field-initialization-gap,at or above hardness bar,clearly hard enough,2026-06-16 baseline accepted previously or 2026-06-17 scratch record passed strict scratch review
scratch_20260617_lz4_uninit_cb0eec8dce,lz4,uninit,programs/threadpool.c,TPool_create,mode-specific-field-initialization-gap,at or above hardness bar,clearly hard enough,2026-06-16 baseline accepted previously or 2026-06-17 scratch record passed strict scratch review
scratch_20260617_lz4_alloc_25abb8e9eb,lz4,alloc,programs/util.h,free,exact-fit-allocation-slack-loss,at or above hardness bar,clearly hard enough,2026-06-16 baseline accepted previously or 2026-06-17 scratch record passed strict scratch review
scratch_20260617_lz4_spatial_227446edc0,lz4,spatial,programs/util.h,free,semantic-boundary-guard-deferred-consumer,at or above hardness bar,clearly hard enough,2026-06-16 baseline accepted previously or 2026-06-17 scratch record passed strict scratch review
scratch_20260617_lz4_alloc_62141b765b,lz4,alloc,programs/util.h,UTIL_prepareFileList,exact-fit-allocation-slack-loss,at or above hardness bar,clearly hard enough,2026-06-16 baseline accepted previously or 2026-06-17 scratch record passed strict scratch review
scratch_20260617_md4c_intover_858de2f1f2,md4c,intover,md2html/cmdline.c,cmdline_read,narrowed-size-state-for-later-sink,at or above hardness bar,clearly hard enough,2026-06-16 baseline accepted previously or 2026-06-17 scratch record passed strict scratch review
scratch_20260617_md4c_spatial_6b3af6a74a,md4c,spatial,md2html/md2html.c,process_file,semantic-boundary-guard-deferred-consumer,at or above hardness bar,clearly hard enough,2026-06-16 baseline accepted previously or 2026-06-17 scratch record passed strict scratch review
scratch_20260617_md4c_spatial_68ae78218f,md4c,spatial,md2html/md2html.c,process_file,minimum-length-guard-deferred-read,at or above hardness bar,clearly hard enough,2026-06-16 baseline accepted previously or 2026-06-17 scratch record passed strict scratch review
scratch_20260617_md4c_alloc_556816dd92,md4c,alloc,src/md4c.c,md_build_ref_def_hashtable,exact-fit-allocation-slack-loss,at or above hardness bar,clearly hard enough,2026-06-16 baseline accepted previously or 2026-06-17 scratch record passed strict scratch review
scratch_20260617_miniz_uninit_32d8468648,miniz,uninit,miniz_zip.c,mz_zip_reader_init_internal,mode-specific-field-initialization-gap,at or above hardness bar,clearly hard enough,2026-06-16 baseline accepted previously or 2026-06-17 scratch record passed strict scratch review
scratch_20260617_nanosvg_alloc_db8f841ec4,nanosvg,alloc,src/nanosvg.h,nsvg__createGradient,exact-fit-allocation-slack-loss,at or above hardness bar,clearly hard enough,2026-06-16 baseline accepted previously or 2026-06-17 scratch record passed strict scratch review
scratch_20260617_oniguruma_uninit_d5f00e76c4,oniguruma,uninit,src/regcomp.c,unset_addr_list_init,mode-specific-field-initialization-gap,at or above hardness bar,clearly hard enough,2026-06-16 baseline accepted previously or 2026-06-17 scratch record passed strict scratch review
scratch_20260617_oniguruma_uninit_a5a1f09b96,oniguruma,uninit,src/regexec.c,onig_regset_new,mode-specific-field-initialization-gap,at or above hardness bar,clearly hard enough,2026-06-16 baseline accepted previously or 2026-06-17 scratch record passed strict scratch review
scratch_20260617_parson_uninit_e9c7ca64cd,parson,uninit,parson.c,json_object_init,mode-specific-field-initialization-gap,at or above hardness bar,clearly hard enough,2026-06-16 baseline accepted previously or 2026-06-17 scratch record passed strict scratch review
scratch_20260617_parson_uninit_8130babf56,parson,uninit,parson.c,json_object_init,mode-specific-field-initialization-gap,at or above hardness bar,clearly hard enough,2026-06-16 baseline accepted previously or 2026-06-17 scratch record passed strict scratch review
scratch_20260617_parson_uninit_22679a5b4e,parson,uninit,parson.c,json_object_init,mode-specific-field-initialization-gap,at or above hardness bar,clearly hard enough,2026-06-16 baseline accepted previously or 2026-06-17 scratch record passed strict scratch review
scratch_20260617_parson_uninit_da869655c9,parson,uninit,parson.c,json_object_init,mode-specific-field-initialization-gap,at or above hardness bar,clearly hard enough,2026-06-16 baseline accepted previously or 2026-06-17 scratch record passed strict scratch review
scratch_20260617_parson_uninit_1daa323995,parson,uninit,parson.c,json_object_init,mode-specific-field-initialization-gap,at or above hardness bar,clearly hard enough,2026-06-16 baseline accepted previously or 2026-06-17 scratch record passed strict scratch review
scratch_20260617_parson_uninit_90360b0a46,parson,uninit,parson.c,json_object_init,mode-specific-field-initialization-gap,at or above hardness bar,clearly hard enough,2026-06-16 baseline accepted previously or 2026-06-17 scratch record passed strict scratch review
scratch_20260617_parson_uninit_21191b8801,parson,uninit,parson.c,json_object_deinit,mode-specific-field-initialization-gap,at or above hardness bar,clearly hard enough,2026-06-16 baseline accepted previously or 2026-06-17 scratch record passed strict scratch review
scratch_20260617_parson_uninit_c375e84406,parson,uninit,parson.c,json_object_deinit,mode-specific-field-initialization-gap,at or above hardness bar,clearly hard enough,2026-06-16 baseline accepted previously or 2026-06-17 scratch record passed strict scratch review
scratch_20260617_parson_uninit_5a31fb27b1,parson,uninit,parson.c,json_object_deinit,mode-specific-field-initialization-gap,at or above hardness bar,clearly hard enough,2026-06-16 baseline accepted previously or 2026-06-17 scratch record passed strict scratch review
scratch_20260617_pcre2_alloc_cb0e13872e,pcre2,alloc,src/pcre2_serialize.c,pcre2_serialize_encode,exact-fit-allocation-slack-loss,at or above hardness bar,clearly hard enough,2026-06-16 baseline accepted previously or 2026-06-17 scratch record passed strict scratch review
scratch_20260617_tomlc99_alloc_aca9639908,tomlc99,alloc,toml.c,expand_ptrarr,exact-fit-allocation-slack-loss,at or above hardness bar,clearly hard enough,2026-06-16 baseline accepted previously or 2026-06-17 scratch record passed strict scratch review
scratch_20260617_zlib_uninit_13d8dad996,zlib,uninit,gzlib.c,gz_open,mode-specific-field-initialization-gap,at or above hardness bar,clearly hard enough,2026-06-16 baseline accepted previously or 2026-06-17 scratch record passed strict scratch review
scratch_20260617_zlib_alloc_46da217adb,zlib,alloc,gzlib.c,gz_open,exact-fit-allocation-slack-loss,at or above hardness bar,clearly hard enough,2026-06-16 baseline accepted previously or 2026-06-17 scratch record passed strict scratch review
scratch_20260617_zstd_uninit_485ed3ec41,zstd,uninit,lib/common/pool.c,POOL_create_advanced,mode-specific-field-initialization-gap,at or above hardness bar,clearly hard enough,2026-06-16 baseline accepted previously or 2026-06-17 scratch record passed strict scratch review
scratch_20260617_zstd_uninit_b74e32ef30,zstd,uninit,lib/compress/zstdmt_compress.c,ZSTDMT_createCCtx_advanced_internal,mode-specific-field-initialization-gap,at or above hardness bar,clearly hard enough,2026-06-16 baseline accepted previously or 2026-06-17 scratch record passed strict scratch review
scratch_20260617_zstd_intover_7b891fb0e9,zstd,intover,lib/decompress/zstd_decompress.c,ZSTD_DDictHashSet_emplaceDDict,narrowed-size-state-for-later-sink,at or above hardness bar,clearly hard enough,2026-06-16 baseline accepted previously or 2026-06-17 scratch record passed strict scratch review
scratch_20260617_zstd_intover_d48df6e669,zstd,intover,lib/decompress/zstd_decompress.c,ZSTD_frameHeaderSize_internal,narrowed-size-state-for-later-sink,at or above hardness bar,clearly hard enough,2026-06-16 baseline accepted previously or 2026-06-17 scratch record passed strict scratch review
scratch_20260617_zstd_doublefree_e3ed5c5dc4,zstd,doublefree,lib/dictBuilder/cover.c,DISPLAYLEVEL,ownership-transfer-source-retains-pointer,at or above hardness bar,clearly hard enough,2026-06-16 baseline accepted previously or 2026-06-17 scratch record passed strict scratch review
scratch_20260617_zstd_alloc_ae8f249b6a,zstd,alloc,lib/dictBuilder/zdict.c,ZDICT_trainBuffer_legacy,exact-fit-allocation-slack-loss,at or above hardness bar,clearly hard enough,2026-06-16 baseline accepted previously or 2026-06-17 scratch record passed strict scratch review
scratch_20260617_zstd_uninit_085a1cc8c2,zstd,uninit,programs/fileio_asyncio.c,AIO_IOPool_createThreadPool,mode-specific-field-initialization-gap,at or above hardness bar,clearly hard enough,2026-06-16 baseline accepted previously or 2026-06-17 scratch record passed strict scratch review
scratch_20260617_zstd_uninit_fd49e25630,zstd,uninit,programs/fileio_asyncio.c,AIO_IOPool_createThreadPool,mode-specific-field-initialization-gap,at or above hardness bar,clearly hard enough,2026-06-16 baseline accepted previously or 2026-06-17 scratch record passed strict scratch review
scratch_20260617_zstd_uninit_53eb83e0a9,zstd,uninit,programs/fileio_asyncio.c,AIO_WritePool_create,mode-specific-field-initialization-gap,at or above hardness bar,clearly hard enough,2026-06-16 baseline accepted previously or 2026-06-17 scratch record passed strict scratch review
scratch_20260617_zstd_uninit_4506fb3c47,zstd,uninit,programs/fileio_asyncio.c,AIO_ReadPool_create,mode-specific-field-initialization-gap,at or above hardness bar,clearly hard enough,2026-06-16 baseline accepted previously or 2026-06-17 scratch record passed strict scratch review
scratch_20260617_zstd_uninit_e8078424fa,zstd,uninit,programs/util.c,UTIL_allocateFileNamesTable,mode-specific-field-initialization-gap,at or above hardness bar,clearly hard enough,2026-06-16 baseline accepted previously or 2026-06-17 scratch record passed strict scratch review
scratch_20260617_cjson_doublefree_b04b95beb0,cjson,doublefree,cJSON_Utils.c,apply_patch,owned-field-clear-drop-cross-lifecycle,at or above hardness bar,borderline hard,2026-06-16 baseline accepted previously or 2026-06-17 scratch record passed strict scratch review
scratch_20260617_dr_mp3_uninit_3ef25417da,dr_mp3,uninit,dr_mp3.h,drmp3_bs_init,mode-specific-field-initialization-gap,at or above hardness bar,clearly hard enough,2026-06-16 baseline accepted previously or 2026-06-17 scratch record passed strict scratch review
scratch_20260617_dr_wav_uninit_431a06a18b,dr_wav,uninit,dr_wav.h,drwav_buffer_reader_init,mode-specific-field-initialization-gap,at or above hardness bar,clearly hard enough,2026-06-16 baseline accepted previously or 2026-06-17 scratch record passed strict scratch review
scratch_20260617_freetype_uninit_3f3a665e0b,freetype,uninit,src/base/ftstroke.c,ft_stroke_border_init,mode-specific-field-initialization-gap,at or above hardness bar,clearly hard enough,2026-06-16 baseline accepted previously or 2026-06-17 scratch record passed strict scratch review
scratch_20260617_freetype_uninit_e6e322b9bc,freetype,uninit,src/base/md5.c,MD5_Init,mode-specific-field-initialization-gap,at or above hardness bar,clearly hard enough,2026-06-16 baseline accepted previously or 2026-06-17 scratch record passed strict scratch review
scratch_20260617_freetype_uninit_f037c995c1,freetype,uninit,src/base/md5.c,MD5_Init,mode-specific-field-initialization-gap,at or above hardness bar,clearly hard enough,2026-06-16 baseline accepted previously or 2026-06-17 scratch record passed strict scratch review
scratch_20260617_frozen_alloc_edcfae1ee2,frozen,alloc,frozen.c,printer,exact-fit-allocation-slack-loss,at or above hardness bar,clearly hard enough,2026-06-16 baseline accepted previously or 2026-06-17 scratch record passed strict scratch review
scratch_20260617_frozen_alloc_d242e6fb61,frozen,alloc,frozen.c,f,exact-fit-allocation-slack-loss,at or above hardness bar,clearly hard enough,2026-06-16 baseline accepted previously or 2026-06-17 scratch record passed strict scratch review
scratch_20260617_frozen_alloc_df49ca759b,frozen,alloc,frozen.c,f,exact-fit-allocation-slack-loss,at or above hardness bar,clearly hard enough,2026-06-16 baseline accepted previously or 2026-06-17 scratch record passed strict scratch review
scratch_20260617_giflib_uninit_92765eb9ba,giflib,uninit,dgif_lib.c,DGifOpenFileName,mode-specific-field-initialization-gap,at or above hardness bar,clearly hard enough,2026-06-16 baseline accepted previously or 2026-06-17 scratch record passed strict scratch review
scratch_20260617_giflib_uninit_0c5a126f1c,giflib,uninit,dgif_lib.c,DGifOpenFileName,mode-specific-field-initialization-gap,at or above hardness bar,clearly hard enough,2026-06-16 baseline accepted previously or 2026-06-17 scratch record passed strict scratch review
scratch_20260617_giflib_uninit_1e1dcdc3dc,giflib,uninit,egif_lib.c,EGifOpen,mode-specific-field-initialization-gap,at or above hardness bar,clearly hard enough,2026-06-16 baseline accepted previously or 2026-06-17 scratch record passed strict scratch review
scratch_20260617_heatshrink_uninit_deff9a8512,heatshrink,uninit,heatshrink.c,handle_open,mode-specific-field-initialization-gap,at or above hardness bar,clearly hard enough,2026-06-16 baseline accepted previously or 2026-06-17 scratch record passed strict scratch review
scratch_20260617_libconfini_intover_aaf1f180f1,libconfini,intover,src/confini.c,qultrim_h,narrowed-size-state-for-later-sink,at or above hardness bar,clearly hard enough,2026-06-16 baseline accepted previously or 2026-06-17 scratch record passed strict scratch review
scratch_20260617_libcsv_uninit_e56c725d7c,libcsv,uninit,libcsv.c,csv_init,mode-specific-field-initialization-gap,at or above hardness bar,clearly hard enough,2026-06-16 baseline accepted previously or 2026-06-17 scratch record passed strict scratch review
scratch_20260617_libcsv_uninit_89570ee267,libcsv,uninit,libcsv.c,csv_init,mode-specific-field-initialization-gap,at or above hardness bar,clearly hard enough,2026-06-16 baseline accepted previously or 2026-06-17 scratch record passed strict scratch review
scratch_20260617_libcsv_uninit_6519d1ee73,libcsv,uninit,libcsv.c,csv_init,mode-specific-field-initialization-gap,at or above hardness bar,clearly hard enough,2026-06-16 baseline accepted previously or 2026-06-17 scratch record passed strict scratch review
scratch_20260617_libcsv_uninit_33ec6499e1,libcsv,uninit,libcsv.c,csv_init,mode-specific-field-initialization-gap,at or above hardness bar,clearly hard enough,2026-06-16 baseline accepted previously or 2026-06-17 scratch record passed strict scratch review
scratch_20260617_libcsv_uninit_b23bf2f811,libcsv,uninit,libcsv.c,csv_init,mode-specific-field-initialization-gap,at or above hardness bar,clearly hard enough,2026-06-16 baseline accepted previously or 2026-06-17 scratch record passed strict scratch review
scratch_20260617_libtiff_uninit_2fa0fddd2b,libtiff,uninit,libtiff/tif_pixarlog.c,PixarLogSetupDecode,mode-specific-field-initialization-gap,at or above hardness bar,clearly hard enough,2026-06-16 baseline accepted previously or 2026-06-17 scratch record passed strict scratch review
scratch_20260617_libucl_alloc_323987a98d,libucl,alloc,src/ucl_util.c,ucl_copy_key_trash,exact-fit-allocation-slack-loss,at or above hardness bar,clearly hard enough,2026-06-16 baseline accepted previously or 2026-06-17 scratch record passed strict scratch review
scratch_20260617_libucl_alloc_dc22a30f56,libucl,alloc,src/ucl_util.c,ucl_object_fromstring_common,exact-fit-allocation-slack-loss,at or above hardness bar,clearly hard enough,2026-06-16 baseline accepted previously or 2026-06-17 scratch record passed strict scratch review
scratch_20260617_lua_intover_145e33e44d,lua,intover,lauxlib.c,luaL_pushresult,narrowed-size-state-for-later-sink,at or above hardness bar,clearly hard enough,2026-06-16 baseline accepted previously or 2026-06-17 scratch record passed strict scratch review
scratch_20260617_lua_intover_404724f2ad,lua,intover,lstrlib.c,getformat,narrowed-size-state-for-later-sink,at or above hardness bar,clearly hard enough,2026-06-16 baseline accepted previously or 2026-06-17 scratch record passed strict scratch review
scratch_20260617_md4c_intover_fd785ae994,md4c,intover,md2html/cmdline.c,callback,narrowed-size-state-for-later-sink,at or above hardness bar,clearly hard enough,2026-06-16 baseline accepted previously or 2026-06-17 scratch record passed strict scratch review
scratch_20260617_tomlc99_alloc_c8b8fd9f4e,tomlc99,alloc,toml.c,strdup,exact-fit-allocation-slack-loss,at or above hardness bar,clearly hard enough,2026-06-16 baseline accepted previously or 2026-06-17 scratch record passed strict scratch review
scratch_20260617_tomlc99_intover_aeebf2a257,tomlc99,intover,toml.c,strndup,narrowed-size-state-for-later-sink,at or above hardness bar,clearly hard enough,2026-06-16 baseline accepted previously or 2026-06-17 scratch record passed strict scratch review
scratch_20260617_libxml2_doublefree_ecf073da5a,libxml2,doublefree,timsort.h,TIM_SORT_MERGE,owned-field-clear-drop-cross-lifecycle,at or above hardness bar,borderline hard,2026-06-16 baseline accepted previously or 2026-06-17 scratch record passed strict scratch review
scratch_20260617_libxml2_alloc_bc1a5ed483,libxml2,alloc,tree.c,xmlBuildQName,exact-fit-allocation-slack-loss,at or above hardness bar,clearly hard enough,2026-06-16 baseline accepted previously or 2026-06-17 scratch record passed strict scratch review
scratch_20260617_libxml2_doublefree_8fa891d976,libxml2,doublefree,tree.c,xmlUnlinkNodeInternal,ownership-transfer-source-retains-pointer,at or above hardness bar,clearly hard enough,2026-06-16 baseline accepted previously or 2026-06-17 scratch record passed strict scratch review
scratch_20260617_libxml2_alloc_814984f094,libxml2,alloc,xmlregexp.c,xmlRegExecPushString2,exact-fit-allocation-slack-loss,at or above hardness bar,clearly hard enough,2026-06-16 baseline accepted previously or 2026-06-17 scratch record passed strict scratch review
scratch_20260617_libxml2_doublefree_f61472a46c,libxml2,doublefree,xmlschemas.c,xmlSchemaItemListClear,owned-field-clear-drop-cross-lifecycle,at or above hardness bar,borderline hard,2026-06-16 baseline accepted previously or 2026-06-17 scratch record passed strict scratch review
scratch_20260617_libxml2_doublefree_57f4facb70,libxml2,doublefree,xmlschemas.c,xmlSchemaIDCReleaseMatcherList,owned-field-clear-drop-cross-lifecycle,at or above hardness bar,borderline hard,2026-06-16 baseline accepted previously or 2026-06-17 scratch record passed strict scratch review
scratch_20260617_libxml2_doublefree_b9a0e88e50,libxml2,doublefree,xmlschemas.c,xmlSchemaClearValidCtxt,owned-field-clear-drop-cross-lifecycle,at or above hardness bar,borderline hard,2026-06-16 baseline accepted previously or 2026-06-17 scratch record passed strict scratch review
scratch_20260617_libxml2_doublefree_e92f646ae0,libxml2,doublefree,xmlschemas.c,xmlSchemaClearValidCtxt,owned-field-clear-drop-cross-lifecycle,at or above hardness bar,borderline hard,2026-06-16 baseline accepted previously or 2026-06-17 scratch record passed strict scratch review
scratch_20260617_libxml2_alloc_d2839a1584,libxml2,alloc,buf.c,xmlBufCreate,exact-fit-allocation-slack-loss,at or above hardness bar,clearly hard enough,2026-06-16 baseline accepted previously or 2026-06-17 scratch record passed strict scratch review
scratch_20260617_libxml2_alloc_ce9baa716e,libxml2,alloc,buf.c,return,exact-fit-allocation-slack-loss,at or above hardness bar,clearly hard enough,2026-06-16 baseline accepted previously or 2026-06-17 scratch record passed strict scratch review
scratch_20260617_libxml2_alloc_f19862f064,libxml2,alloc,buf.c,xmlBufGrowInternal,exact-fit-allocation-slack-loss,at or above hardness bar,clearly hard enough,2026-06-16 baseline accepted previously or 2026-06-17 scratch record passed strict scratch review
scratch_20260617_libxml2_alloc_3157fc210b,libxml2,alloc,buf.c,xmlBufGrowInternal,exact-fit-allocation-slack-loss,at or above hardness bar,clearly hard enough,2026-06-16 baseline accepted previously or 2026-06-17 scratch record passed strict scratch review
scratch_20260617_libxml2_alloc_6e1175f948,libxml2,alloc,hash.c,xmlHashUpdateInternal,exact-fit-allocation-slack-loss,at or above hardness bar,clearly hard enough,2026-06-16 baseline accepted previously or 2026-06-17 scratch record passed strict scratch review
scratch_20260617_libxml2_alloc_3549abb07e,libxml2,alloc,hash.c,xmlHashUpdateInternal,exact-fit-allocation-slack-loss,at or above hardness bar,clearly hard enough,2026-06-16 baseline accepted previously or 2026-06-17 scratch record passed strict scratch review
scratch_20260617_libxml2_doublefree_bc4f3fba9c,libxml2,doublefree,parser.c,xmlCtxtReset,owned-field-clear-drop-cross-lifecycle,at or above hardness bar,borderline hard,2026-06-16 baseline accepted previously or 2026-06-17 scratch record passed strict scratch review
scratch_20260617_libxml2_doublefree_dda21f13f1,libxml2,doublefree,parser.c,xmlCtxtReset,owned-field-clear-drop-cross-lifecycle,at or above hardness bar,borderline hard,2026-06-16 baseline accepted previously or 2026-06-17 scratch record passed strict scratch review
scratch_20260617_libxml2_doublefree_9b1eb1055c,libxml2,doublefree,parser.c,xmlCtxtReset,owned-field-clear-drop-cross-lifecycle,at or above hardness bar,borderline hard,2026-06-16 baseline accepted previously or 2026-06-17 scratch record passed strict scratch review
scratch_20260617_libxml2_doublefree_77ea9c211f,libxml2,doublefree,parser.c,xmlCtxtReset,owned-field-clear-drop-cross-lifecycle,at or above hardness bar,borderline hard,2026-06-16 baseline accepted previously or 2026-06-17 scratch record passed strict scratch review
scratch_20260617_libxml2_alloc_2601d9eb3b,libxml2,alloc,relaxng.c,xmlRelaxNGGetElements,exact-fit-allocation-slack-loss,at or above hardness bar,clearly hard enough,2026-06-16 baseline accepted previously or 2026-06-17 scratch record passed strict scratch review
scratch_20260617_libxml2_alloc_ec27629d41,libxml2,alloc,shell.c,xmllintShellReadline,exact-fit-allocation-slack-loss,at or above hardness bar,clearly hard enough,2026-06-16 baseline accepted previously or 2026-06-17 scratch record passed strict scratch review
scratch_20260617_libxml2_doublefree_45e6e1d663,libxml2,doublefree,tree.c,XML_NSMAP_FOREACH,ownership-transfer-source-retains-pointer,at or above hardness bar,clearly hard enough,2026-06-16 baseline accepted previously or 2026-06-17 scratch record passed strict scratch review
scratch_20260617_libxml2_doublefree_4d3aad157d,libxml2,doublefree,uri.c,xmlParse3986Host,owned-field-clear-drop-cross-lifecycle,at or above hardness bar,borderline hard,2026-06-16 baseline accepted previously or 2026-06-17 scratch record passed strict scratch review
scratch_20260617_libxml2_doublefree_0623577922,libxml2,doublefree,uri.c,xmlParse3986HierPart,owned-field-clear-drop-cross-lifecycle,at or above hardness bar,borderline hard,2026-06-16 baseline accepted previously or 2026-06-17 scratch record passed strict scratch review
scratch_20260617_libxml2_alloc_0c1e5c0f71,libxml2,alloc,xmlcatalog.c,xmlShellReadline,exact-fit-allocation-slack-loss,at or above hardness bar,clearly hard enough,2026-06-16 baseline accepted previously or 2026-06-17 scratch record passed strict scratch review
scratch_20260617_libxml2_intover_0b12e50231,libxml2,intover,xmlstring.c,xmlStrlen,narrowed-size-state-for-later-sink,at or above hardness bar,clearly hard enough,2026-06-16 baseline accepted previously or 2026-06-17 scratch record passed strict scratch review
scratch_20260617_libxml2_alloc_55a6067a61,libxml2,alloc,xmlstring.c,xmlStrncat,exact-fit-allocation-slack-loss,at or above hardness bar,clearly hard enough,2026-06-16 baseline accepted previously or 2026-06-17 scratch record passed strict scratch review
scratch_20260617_libxml2_alloc_36c505ce58,libxml2,alloc,xmlstring.c,xmlStrncatNew,exact-fit-allocation-slack-loss,at or above hardness bar,clearly hard enough,2026-06-16 baseline accepted previously or 2026-06-17 scratch record passed strict scratch review
scratch_20260617_libxml2_alloc_9707f2720d,libxml2,alloc,xmlstring.c,xmlUTF8Strndup,exact-fit-allocation-slack-loss,at or above hardness bar,clearly hard enough,2026-06-16 baseline accepted previously or 2026-06-17 scratch record passed strict scratch review
scratch_20260617_libxml2_alloc_03890a47cf,libxml2,alloc,hash.c,memcpy,exact-fit-allocation-slack-loss,at or above hardness bar,clearly hard enough,2026-06-16 baseline accepted previously or 2026-06-17 scratch record passed strict scratch review
scratch_20260617_libxml2_intover_bfbdf5475a,libxml2,intover,parser.c,xmlParsePI,narrowed-size-state-for-later-sink,at or above hardness bar,clearly hard enough,2026-06-16 baseline accepted previously or 2026-06-17 scratch record passed strict scratch review
scratch_20260617_libxml2_alloc_a07c6d694f,libxml2,alloc,schematron.c,xmlStrcat,exact-fit-allocation-slack-loss,at or above hardness bar,clearly hard enough,2026-06-16 baseline accepted previously or 2026-06-17 scratch record passed strict scratch review
scratch_20260617_libxml2_alloc_fa3538f70b,libxml2,alloc,uri.c,xmlResolvePath,exact-fit-allocation-slack-loss,at or above hardness bar,clearly hard enough,2026-06-16 baseline accepted previously or 2026-06-17 scratch record passed strict scratch review
scratch_20260617_libxml2_intover_9d5fea214f,libxml2,intover,xmlIO.c,xmlEscapeText,narrowed-size-state-for-later-sink,at or above hardness bar,clearly hard enough,2026-06-16 baseline accepted previously or 2026-06-17 scratch record passed strict scratch review
scratch_20260617_libxml2_intover_cdd1bd1b6b,libxml2,intover,xmlmemory.c,xmlMemoryStrdup,narrowed-size-state-for-later-sink,at or above hardness bar,clearly hard enough,2026-06-16 baseline accepted previously or 2026-06-17 scratch record passed strict scratch review
scratch_20260617_zstd_alloc_3db98a9b6c,zstd,alloc,programs/util.c,free,exact-fit-allocation-slack-loss,at or above hardness bar,clearly hard enough,2026-06-16 baseline accepted previously or 2026-06-17 scratch record passed strict scratch review
scratch_20260617_zstd_alloc_c0f1b67b30,zstd,alloc,programs/util.c,strlen,exact-fit-allocation-slack-loss,at or above hardness bar,clearly hard enough,2026-06-16 baseline accepted previously or 2026-06-17 scratch record passed strict scratch review
scratch_20260617_zstd_alloc_15c07e2807,zstd,alloc,zlibWrapper/gzlib.c,gz_open,exact-fit-allocation-slack-loss,at or above hardness bar,clearly hard enough,2026-06-16 baseline accepted previously or 2026-06-17 scratch record passed strict scratch review
scratch_20260617_zstd_intover_568b8712a7,zstd,intover,lib/dictBuilder/fastcover.c,segment,narrowed-size-state-for-later-sink,at or above hardness bar,clearly hard enough,2026-06-16 baseline accepted previously or 2026-06-17 scratch record passed strict scratch review
scratch_20260617_zstd_intover_7bbf97e7ce,zstd,intover,lib/dictBuilder/zdict.c,ZDICT_analyzePos,narrowed-size-state-for-later-sink,at or above hardness bar,clearly hard enough,2026-06-16 baseline accepted previously or 2026-06-17 scratch record passed strict scratch review
scratch_20260617_zstd_intover_41f8800035,zstd,intover,lib/legacy/zstd_v04.c,ZBUFF_limitCopy,narrowed-size-state-for-later-sink,at or above hardness bar,clearly hard enough,2026-06-16 baseline accepted previously or 2026-06-17 scratch record passed strict scratch review
scratch_20260617_zstd_intover_8dba4aece8,zstd,intover,lib/legacy/zstd_v06.c,ZBUFFv06_limitCopy,narrowed-size-state-for-later-sink,at or above hardness bar,clearly hard enough,2026-06-16 baseline accepted previously or 2026-06-17 scratch record passed strict scratch review
scratch_20260617_zstd_intover_9c6f96fd06,zstd,intover,lib/legacy/zstd_v07.c,ZSTDv07_frameHeaderSize,narrowed-size-state-for-later-sink,at or above hardness bar,clearly hard enough,2026-06-16 baseline accepted previously or 2026-06-17 scratch record passed strict scratch review
scratch_20260617_zstd_intover_b5b6f772ca,zstd,intover,programs/datagen.c,RDG_genBlock,narrowed-size-state-for-later-sink,at or above hardness bar,clearly hard enough,2026-06-16 baseline accepted previously or 2026-06-17 scratch record passed strict scratch review
scratch_20260617_zstd_alloc_2de20d85db,zstd,alloc,programs/fileio.c,error,exact-fit-allocation-slack-loss,at or above hardness bar,clearly hard enough,2026-06-16 baseline accepted previously or 2026-06-17 scratch record passed strict scratch review
scratch_20260617_zstd_intover_487b34d59f,zstd,intover,lib/legacy/zstd_v05.c,ZBUFFv05_limitCopy,narrowed-size-state-for-later-sink,at or above hardness bar,clearly hard enough,2026-06-16 baseline accepted previously or 2026-06-17 scratch record passed strict scratch review
scratch_20260617_libxml2_uninit_b2869f2b5f,libxml2,uninit,catalog.c,xmlNewCatalogEntry,mode-specific-field-initialization-gap,at or above hardness bar,clearly hard enough,2026-06-16 baseline accepted previously or 2026-06-17 scratch record passed strict scratch review
scratch_20260617_libxml2_uninit_c3320da75c,libxml2,uninit,threads.c,xmlInitRMutex,mode-specific-field-initialization-gap,at or above hardness bar,clearly hard enough,2026-06-16 baseline accepted previously or 2026-06-17 scratch record passed strict scratch review
scratch_20260617_libxml2_uninit_6f46733f76,libxml2,uninit,threads.c,xmlInitRMutex,mode-specific-field-initialization-gap,at or above hardness bar,clearly hard enough,2026-06-16 baseline accepted previously or 2026-06-17 scratch record passed strict scratch review
scratch_20260617_libxml2_uninit_1571737f68,libxml2,uninit,xmlregexp.c,xmlRegNewExecCtxt,mode-specific-field-initialization-gap,at or above hardness bar,clearly hard enough,2026-06-16 baseline accepted previously or 2026-06-17 scratch record passed strict scratch review
scratch_20260617_oniguruma_spatial_f80eb2d588,oniguruma,spatial,src/euc_jp_prop.c,onigenc_euc_jp_lookup_property_name,semantic-boundary-guard-deferred-consumer,at or above hardness bar,clearly hard enough,2026-06-16 baseline accepted previously or 2026-06-17 scratch record passed strict scratch review
scratch_20260617_oniguruma_spatial_0445afb6ce,oniguruma,spatial,src/regcomp.c,concat_opt_exact_str,semantic-boundary-guard-deferred-consumer,at or above hardness bar,clearly hard enough,2026-06-16 baseline accepted previously or 2026-06-17 scratch record passed strict scratch review
scratch_20260617_oniguruma_spatial_907c1f045f,oniguruma,spatial,src/regcomp.c,set_optimize_exact,semantic-boundary-guard-deferred-consumer,at or above hardness bar,clearly hard enough,2026-06-16 baseline accepted previously or 2026-06-17 scratch record passed strict scratch review
scratch_20260617_oniguruma_spatial_c4908815c1,oniguruma,spatial,src/sjis_prop.c,onigenc_sjis_lookup_property_name,semantic-boundary-guard-deferred-consumer,at or above hardness bar,clearly hard enough,2026-06-16 baseline accepted previously or 2026-06-17 scratch record passed strict scratch review
scratch_20260617_oniguruma_spatial_b0839cd32b,oniguruma,spatial,src/unicode.c,onigenc_unicode_get_case_fold_codes_by_str,semantic-boundary-guard-deferred-consumer,at or above hardness bar,clearly hard enough,2026-06-16 baseline accepted previously or 2026-06-17 scratch record passed strict scratch review
scratch_20260617_oniguruma_spatial_e4703f8d2c,oniguruma,spatial,src/unicode_property_data.c,pool_offset,semantic-boundary-guard-deferred-consumer,at or above hardness bar,clearly hard enough,2026-06-16 baseline accepted previously or 2026-06-17 scratch record passed strict scratch review
scratch_20260617_pcre2_spatial_b1a06bb45f,pcre2,spatial,src/pcre2_jit_char_inc.h,byte_sequence_compare,semantic-boundary-guard-deferred-consumer,at or above hardness bar,clearly hard enough,2026-06-16 baseline accepted previously or 2026-06-17 scratch record passed strict scratch review
scratch_20260617_pcre2_spatial_58435039a1,pcre2,spatial,src/pcre2_jit_char_inc.h,byte_sequence_compare,semantic-boundary-guard-deferred-consumer,at or above hardness bar,clearly hard enough,2026-06-16 baseline accepted previously or 2026-06-17 scratch record passed strict scratch review
scratch_20260617_pcre2_spatial_44a5a2a5a8,pcre2,spatial,src/pcre2_jit_compile.c,GETCHARINC_INVALID,semantic-boundary-guard-deferred-consumer,at or above hardness bar,clearly hard enough,2026-06-16 baseline accepted previously or 2026-06-17 scratch record passed strict scratch review
scratch_20260617_pcre2_spatial_a490304dfd,pcre2,spatial,src/pcre2_jit_compile.c,GETCHARINC_INVALID,semantic-boundary-guard-deferred-consumer,at or above hardness bar,clearly hard enough,2026-06-16 baseline accepted previously or 2026-06-17 scratch record passed strict scratch review
scratch_20260617_pcre2_spatial_8ade553bf3,pcre2,spatial,src/pcre2_jit_compile.c,detect_early_fail,minimum-length-guard-deferred-read,at or above hardness bar,clearly hard enough,2026-06-16 baseline accepted previously or 2026-06-17 scratch record passed strict scratch review
scratch_20260617_stb_spatial_f19ea642e4,stb,spatial,stb_image.h,stbi__process_frame_header,minimum-length-guard-deferred-read,at or above hardness bar,clearly hard enough,2026-06-16 baseline accepted previously or 2026-06-17 scratch record passed strict scratch review
scratch_20260617_stb_spatial_6f04b44efb,stb,spatial,stb_image.h,will,semantic-boundary-guard-deferred-consumer,at or above hardness bar,clearly hard enough,2026-06-16 baseline accepted previously or 2026-06-17 scratch record passed strict scratch review
scratch_20260617_stb_spatial_0131175922,stb,spatial,stb_image.h,stbi__hdr_load,minimum-length-guard-deferred-read,at or above hardness bar,clearly hard enough,2026-06-16 baseline accepted previously or 2026-06-17 scratch record passed strict scratch review
scratch_20260617_stb_spatial_d9ec6656b9,stb,spatial,stb_image_write.h,stbiw__write_hdr_scanline,minimum-length-guard-deferred-read,at or above hardness bar,clearly hard enough,2026-06-16 baseline accepted previously or 2026-06-17 scratch record passed strict scratch review
scratch_20260617_stb_spatial_de205648e3,stb,spatial,stb_image_write.h,func,semantic-boundary-guard-deferred-consumer,at or above hardness bar,clearly hard enough,2026-06-16 baseline accepted previously or 2026-06-17 scratch record passed strict scratch review
scratch_20260617_stb_spatial_cf6089fac9,stb,spatial,stb_truetype.h,stbtt__get_subr,semantic-boundary-guard-deferred-consumer,at or above hardness bar,clearly hard enough,2026-06-16 baseline accepted previously or 2026-06-17 scratch record passed strict scratch review
scratch_20260617_stb_spatial_4f35f93054,stb,spatial,stb_truetype.h,stbtt__get_subr,semantic-boundary-guard-deferred-consumer,at or above hardness bar,clearly hard enough,2026-06-16 baseline accepted previously or 2026-06-17 scratch record passed strict scratch review
scratch_20260617_stb_spatial_277756dca0,stb,spatial,stb_truetype.h,stbtt__fill_active_edges,semantic-boundary-guard-deferred-consumer,at or above hardness bar,clearly hard enough,2026-06-16 baseline accepted previously or 2026-06-17 scratch record passed strict scratch review
scratch_20260617_stb_spatial_daa56e67d6,stb,spatial,stb_truetype.h,stbtt__handle_clipped_edge,semantic-boundary-guard-deferred-consumer,at or above hardness bar,clearly hard enough,2026-06-16 baseline accepted previously or 2026-06-17 scratch record passed strict scratch review
scratch_20260617_tomlc99_spatial_b01f6bf1d6,tomlc99,spatial,toml.c,toml_utf8_to_ucs,minimum-length-guard-deferred-read,at or above hardness bar,clearly hard enough,2026-06-16 baseline accepted previously or 2026-06-17 scratch record passed strict scratch review
scratch_20260617_tomlc99_spatial_4aaaa71b7a,tomlc99,spatial,toml.c,norm_lit_str,semantic-boundary-guard-deferred-consumer,at or above hardness bar,clearly hard enough,2026-06-16 baseline accepted previously or 2026-06-17 scratch record passed strict scratch review
scratch_20260617_yyjson_spatial_38efdaf0b3,yyjson,spatial,src/yyjson.h,yyjson_alc_pool_init,semantic-boundary-guard-deferred-consumer,at or above hardness bar,clearly hard enough,2026-06-16 baseline accepted previously or 2026-06-17 scratch record passed strict scratch review
scratch_20260617_zlib_spatial_892e1be258,zlib,spatial,crc32.c,crc32_z,semantic-boundary-guard-deferred-consumer,at or above hardness bar,clearly hard enough,2026-06-16 baseline accepted previously or 2026-06-17 scratch record passed strict scratch review
scratch_20260617_zstd_spatial_a8e81b7189,zstd,spatial,lib/decompress/zstd_decompress_block.c,ZSTD_overlapCopy8,minimum-length-guard-deferred-read,at or above hardness bar,clearly hard enough,2026-06-16 baseline accepted previously or 2026-06-17 scratch record passed strict scratch review
